"Label (Grouping)","Alamance County, North Carolina!!Total!!Estimate","Alamance County, North Carolina!!Total!!Margin of Error","Alamance County, North Carolina!!Below poverty level!!Estimate","Alamance County, North Carolina!!Below poverty level!!Margin of Error","Alamance County, North Carolina!!Percent below poverty level!!Estimate","Alamance County, North Carolina!!Percent below poverty level!!Margin of Error","Brunswick County, North Carolina!!Total!!Estimate","Brunswick County, North Carolina!!Total!!Margin of Error","Brunswick County, North Carolina!!Below poverty level!!Estimate","Brunswick County, North Carolina!!Below poverty level!!Margin of Error","Brunswick County, North Carolina!!Percent below poverty level!!Estimate","Brunswick County, North Carolina!!Percent below poverty level!!Margin of Error","Buncombe County, North Carolina!!Total!!Estimate","Buncombe County, North Carolina!!Total!!Margin of Error","Buncombe County, North Carolina!!Below poverty level!!Estimate","Buncombe County, North Carolina!!Below poverty level!!Margin of Error","Buncombe County, North Carolina!!Percent below poverty level!!Estimate","Buncombe County, North Carolina!!Percent below poverty level!!Margin of Error","Burke County, North Carolina!!Total!!Estimate","Burke County, North Carolina!!Total!!Margin of Error","Burke County, North Carolina!!Below poverty level!!Estimate","Burke County, North Carolina!!Below poverty level!!Margin of Error","Burke County, North Carolina!!Percent below poverty level!!Estimate","Burke County, North Carolina!!Percent below poverty level!!Margin of Error","Cabarrus County, North Carolina!!Total!!Estimate","Cabarrus County, North Carolina!!Total!!Margin of Error","Cabarrus County, North Carolina!!Below poverty level!!Estimate","Cabarrus County, North Carolina!!Below poverty level!!Margin of Error","Cabarrus County, North Carolina!!Percent below poverty level!!Estimate","Cabarrus County, North Carolina!!Percent below poverty level!!Margin of Error","Caldwell County, North Carolina!!Total!!Estimate","Caldwell County, North Carolina!!Total!!Margin of Error","Caldwell County, North Carolina!!Below poverty level!!Estimate","Caldwell County, North Carolina!!Below poverty level!!Margin of Error","Caldwell County, North Carolina!!Percent below poverty level!!Estimate","Caldwell County, North Carolina!!Percent below poverty level!!Margin of Error","Carteret County, North Carolina!!Total!!Estimate","Carteret County, North Carolina!!Total!!Margin of Error","Carteret County, North Carolina!!Below poverty level!!Estimate","Carteret County, North Carolina!!Below poverty level!!Margin of Error","Carteret County, North Carolina!!Percent below poverty level!!Estimate","Carteret County, North Carolina!!Percent below poverty level!!Margin of Error","Catawba County, North Carolina!!Total!!Estimate","Catawba County, North Carolina!!Total!!Margin of Error","Catawba County, North Carolina!!Below poverty level!!Estimate","Catawba County, North Carolina!!Below poverty level!!Margin of Error","Catawba County, North Carolina!!Percent below poverty level!!Estimate","Catawba County, North Carolina!!Percent below poverty level!!Margin of Error","Chatham County, North Carolina!!Total!!Estimate","Chatham County, North Carolina!!Total!!Margin of Error","Chatham County, North Carolina!!Below poverty level!!Estimate","Chatham County, North Carolina!!Below poverty level!!Margin of Error","Chatham County, North Carolina!!Percent below poverty level!!Estimate","Chatham County, North Carolina!!Percent below poverty level!!Margin of Error","Cleveland County, North Carolina!!Total!!Estimate","Cleveland County, North Carolina!!Total!!Margin of Error","Cleveland County, North Carolina!!Below poverty level!!Estimate","Cleveland County, North Carolina!!Below poverty level!!Margin of Error","Cleveland County, North Carolina!!Percent below poverty level!!Estimate","Cleveland County, North Carolina!!Percent below poverty level!!Margin of Error","Craven County, North Carolina!!Total!!Estimate","Craven County, North Carolina!!Total!!Margin of Error","Craven County, North Carolina!!Below poverty level!!Estimate","Craven County, North Carolina!!Below poverty level!!Margin of Error","Craven County, North Carolina!!Percent below poverty level!!Estimate","Craven County, North Carolina!!Percent below poverty level!!Margin of Error","Cumberland County, North Carolina!!Total!!Estimate","Cumberland County, North Carolina!!Total!!Margin of Error","Cumberland County, North Carolina!!Below poverty level!!Estimate","Cumberland County, North Carolina!!Below poverty level!!Margin of Error","Cumberland County, North Carolina!!Percent below poverty level!!Estimate","Cumberland County, North Carolina!!Percent below poverty level!!Margin of Error","Davidson County, North Carolina!!Total!!Estimate","Davidson County, North Carolina!!Total!!Margin of Error","Davidson County, North Carolina!!Below poverty level!!Estimate","Davidson County, North Carolina!!Below poverty level!!Margin of Error","Davidson County, North Carolina!!Percent below poverty level!!Estimate","Davidson County, North Carolina!!Percent below poverty level!!Margin of Error","Durham County, North Carolina!!Total!!Estimate","Durham County, North Carolina!!Total!!Margin of Error","Durham County, North Carolina!!Below poverty level!!Estimate","Durham County, North Carolina!!Below poverty level!!Margin of Error","Durham County, North Carolina!!Percent below poverty level!!Estimate","Durham County, North Carolina!!Percent below poverty level!!Margin of Error","Forsyth County, North Carolina!!Total!!Estimate","Forsyth County, North Carolina!!Total!!Margin of Error","Forsyth County, North Carolina!!Below poverty level!!Estimate","Forsyth County, North Carolina!!Below poverty level!!Margin of Error","Forsyth County, North Carolina!!Percent below poverty level!!Estimate","Forsyth County, North Carolina!!Percent below poverty level!!Margin of Error","Franklin County, North Carolina!!Total!!Estimate","Franklin County, North Carolina!!Total!!Margin of Error","Franklin County, North Carolina!!Below poverty level!!Estimate","Franklin County, North Carolina!!Below poverty level!!Margin of Error","Franklin County, North Carolina!!Percent below poverty level!!Estimate","Franklin County, North Carolina!!Percent below poverty level!!Margin of Error","Gaston County, North Carolina!!Total!!Estimate","Gaston County, North Carolina!!Total!!Margin of Error","Gaston County, North Carolina!!Below poverty level!!Estimate","Gaston County, North Carolina!!Below poverty level!!Margin of Error","Gaston County, North Carolina!!Percent below poverty level!!Estimate","Gaston County, North Carolina!!Percent below poverty level!!Margin of Error","Guilford County, North Carolina!!Total!!Estimate","Guilford County, North Carolina!!Total!!Margin of Error","Guilford County, North Carolina!!Below poverty level!!Estimate","Guilford County, North Carolina!!Below poverty level!!Margin of Error","Guilford County, North Carolina!!Percent below poverty level!!Estimate","Guilford County, North Carolina!!Percent below poverty level!!Margin of Error","Harnett County, North Carolina!!Total!!Estimate","Harnett County, North Carolina!!Total!!Margin of Error","Harnett County, North Carolina!!Below poverty level!!Estimate","Harnett County, North Carolina!!Below poverty level!!Margin of Error","Harnett County, North Carolina!!Percent below poverty level!!Estimate","Harnett County, North Carolina!!Percent below poverty level!!Margin of Error","Henderson County, North Carolina!!Total!!Estimate","Henderson County, North Carolina!!Total!!Margin of Error","Henderson County, North Carolina!!Below poverty level!!Estimate","Henderson County, North Carolina!!Below poverty level!!Margin of Error","Henderson County, North Carolina!!Percent below poverty level!!Estimate","Henderson County, North Carolina!!Percent below poverty level!!Margin of Error","Iredell County, North Carolina!!Total!!Estimate","Iredell County, North Carolina!!Total!!Margin of Error","Iredell County, North Carolina!!Below poverty level!!Estimate","Iredell County, North Carolina!!Below poverty level!!Margin of Error","Iredell County, North Carolina!!Percent below poverty level!!Estimate","Iredell County, North Carolina!!Percent below poverty level!!Margin of Error","Johnston County, North Carolina!!Total!!Estimate","Johnston County, North Carolina!!Total!!Margin of Error","Johnston County, North Carolina!!Below poverty level!!Estimate","Johnston County, North Carolina!!Below poverty level!!Margin of Error","Johnston County, North Carolina!!Percent below poverty level!!Estimate","Johnston County, North Carolina!!Percent below poverty level!!Margin of Error","Lee County, North Carolina!!Total!!Estimate","Lee County, North Carolina!!Total!!Margin of Error","Lee County, North Carolina!!Below poverty level!!Estimate","Lee County, North Carolina!!Below poverty level!!Margin of Error","Lee County, North Carolina!!Percent below poverty level!!Estimate","Lee County, North Carolina!!Percent below poverty level!!Margin of Error","Lincoln County, North Carolina!!Total!!Estimate","Lincoln County, North Carolina!!Total!!Margin of Error","Lincoln County, North Carolina!!Below poverty level!!Estimate","Lincoln County, North Carolina!!Below poverty level!!Margin of Error","Lincoln County, North Carolina!!Percent below poverty level!!Estimate","Lincoln County, North Carolina!!Percent below poverty level!!Margin of Error","Mecklenburg County, North Carolina!!Total!!Estimate","Mecklenburg County, North Carolina!!Total!!Margin of Error","Mecklenburg County, North Carolina!!Below poverty level!!Estimate","Mecklenburg County, North Carolina!!Below poverty level!!Margin of Error","Mecklenburg County, North Carolina!!Percent below poverty level!!Estimate","Mecklenburg County, North Carolina!!Percent below poverty level!!Margin of Error","Moore County, North Carolina!!Total!!Estimate","Moore County, North Carolina!!Total!!Margin of Error","Moore County, North Carolina!!Below poverty level!!Estimate","Moore County, North Carolina!!Below poverty level!!Margin of Error","Moore County, North Carolina!!Percent below poverty level!!Estimate","Moore County, North Carolina!!Percent below poverty level!!Margin of Error","Nash County, North Carolina!!Total!!Estimate","Nash County, North Carolina!!Total!!Margin of Error","Nash County, North Carolina!!Below poverty level!!Estimate","Nash County, North Carolina!!Below poverty level!!Margin of Error","Nash County, North Carolina!!Percent below poverty level!!Estimate","Nash County, North Carolina!!Percent below poverty level!!Margin of Error","New Hanover County, North Carolina!!Total!!Estimate","New Hanover County, North Carolina!!Total!!Margin of Error","New Hanover County, North Carolina!!Below poverty level!!Estimate","New Hanover County, North Carolina!!Below poverty level!!Margin of Error","New Hanover County, North Carolina!!Percent below poverty level!!Estimate","New Hanover County, North Carolina!!Percent below poverty level!!Margin of Error","Onslow County, North Carolina!!Total!!Estimate","Onslow County, North Carolina!!Total!!Margin of Error","Onslow County, North Carolina!!Below poverty level!!Estimate","Onslow County, North Carolina!!Below poverty level!!Margin of Error","Onslow County, North Carolina!!Percent below poverty level!!Estimate","Onslow County, North Carolina!!Percent below poverty level!!Margin of Error","Orange County, North Carolina!!Total!!Estimate","Orange County, North Carolina!!Total!!Margin of Error","Orange County, North Carolina!!Below poverty level!!Estimate","Orange County, North Carolina!!Below poverty level!!Margin of Error","Orange County, North Carolina!!Percent below poverty level!!Estimate","Orange County, North Carolina!!Percent below poverty level!!Margin of Error","Pender County, North Carolina!!Total!!Estimate","Pender County, North Carolina!!Total!!Margin of Error","Pender County, North Carolina!!Below poverty level!!Estimate","Pender County, North Carolina!!Below poverty level!!Margin of Error","Pender County, North Carolina!!Percent below poverty level!!Estimate","Pender County, North Carolina!!Percent below poverty level!!Margin of Error","Pitt County, North Carolina!!Total!!Estimate","Pitt County, North Carolina!!Total!!Margin of Error","Pitt County, North Carolina!!Below poverty level!!Estimate","Pitt County, North Carolina!!Below poverty level!!Margin of Error","Pitt County, North Carolina!!Percent below poverty level!!Estimate","Pitt County, North Carolina!!Percent below poverty level!!Margin of Error","Randolph County, North Carolina!!Total!!Estimate","Randolph County, North Carolina!!Total!!Margin of Error","Randolph County, North Carolina!!Below poverty level!!Estimate","Randolph County, North Carolina!!Below poverty level!!Margin of Error","Randolph County, North Carolina!!Percent below poverty level!!Estimate","Randolph County, North Carolina!!Percent below poverty level!!Margin of Error","Robeson County, North Carolina!!Total!!Estimate","Robeson County, North Carolina!!Total!!Margin of Error","Robeson County, North Carolina!!Below poverty level!!Estimate","Robeson County, North Carolina!!Below poverty level!!Margin of Error","Robeson County, North Carolina!!Percent below poverty level!!Estimate","Robeson County, North Carolina!!Percent below poverty level!!Margin of Error","Rockingham County, North Carolina!!Total!!Estimate","Rockingham County, North Carolina!!Total!!Margin of Error","Rockingham County, North Carolina!!Below poverty level!!Estimate","Rockingham County, North Carolina!!Below poverty level!!Margin of Error","Rockingham County, North Carolina!!Percent below poverty level!!Estimate","Rockingham County, North Carolina!!Percent below poverty level!!Margin of Error","Rowan County, North Carolina!!Total!!Estimate","Rowan County, North Carolina!!Total!!Margin of Error","Rowan County, North Carolina!!Below poverty level!!Estimate","Rowan County, North Carolina!!Below poverty level!!Margin of Error","Rowan County, North Carolina!!Percent below poverty level!!Estimate","Rowan County, North Carolina!!Percent below poverty level!!Margin of Error","Rutherford County, North Carolina!!Total!!Estimate","Rutherford County, North Carolina!!Total!!Margin of Error","Rutherford County, North Carolina!!Below poverty level!!Estimate","Rutherford County, North Carolina!!Below poverty level!!Margin of Error","Rutherford County, North Carolina!!Percent below poverty level!!Estimate","Rutherford County, North Carolina!!Percent below poverty level!!Margin of Error","Stanly County, North Carolina!!Total!!Estimate","Stanly County, North Carolina!!Total!!Margin of Error","Stanly County, North Carolina!!Below poverty level!!Estimate","Stanly County, North Carolina!!Below poverty level!!Margin of Error","Stanly County, North Carolina!!Percent below poverty level!!Estimate","Stanly County, North Carolina!!Percent below poverty level!!Margin of Error","Surry County, North Carolina!!Total!!Estimate","Surry County, North Carolina!!Total!!Margin of Error","Surry County, North Carolina!!Below poverty level!!Estimate","Surry County, North Carolina!!Below poverty level!!Margin of Error","Surry County, North Carolina!!Percent below poverty level!!Estimate","Surry County, North Carolina!!Percent below poverty level!!Margin of Error","Union County, North Carolina!!Total!!Estimate","Union County, North Carolina!!Total!!Margin of Error","Union County, North Carolina!!Below poverty level!!Estimate","Union County, North Carolina!!Below poverty level!!Margin of Error","Union County, North Carolina!!Percent below poverty level!!Estimate","Union County, North Carolina!!Percent below poverty level!!Margin of Error","Wake County, North Carolina!!Total!!Estimate","Wake County, North Carolina!!Total!!Margin of Error","Wake County, North Carolina!!Below poverty level!!Estimate","Wake County, North Carolina!!Below poverty level!!Margin of Error","Wake County, North Carolina!!Percent below poverty level!!Estimate","Wake County, North Carolina!!Percent below poverty level!!Margin of Error","Wayne County, North Carolina!!Total!!Estimate","Wayne County, North Carolina!!Total!!Margin of Error","Wayne County, North Carolina!!Below poverty level!!Estimate","Wayne County, North Carolina!!Below poverty level!!Margin of Error","Wayne County, North Carolina!!Percent below poverty level!!Estimate","Wayne County, North Carolina!!Percent below poverty level!!Margin of Error","Wilkes County, North Carolina!!Total!!Estimate","Wilkes County, North Carolina!!Total!!Margin of Error","Wilkes County, North Carolina!!Below poverty level!!Estimate","Wilkes County, North Carolina!!Below poverty level!!Margin of Error","Wilkes County, North Carolina!!Percent below poverty level!!Estimate","Wilkes County, North Carolina!!Percent below poverty level!!Margin of Error","Wilson County, North Carolina!!Total!!Estimate","Wilson County, North Carolina!!Total!!Margin of Error","Wilson County, North Carolina!!Below poverty level!!Estimate","Wilson County, North Carolina!!Below poverty level!!Margin of Error","Wilson County, North Carolina!!Percent below poverty level!!Estimate","Wilson County, North Carolina!!Percent below poverty level!!Margin of Error"
"Population for whom poverty status is determined","177,084","±269","26,010","±5,266","14.7%","±3.0","165,625","±753","14,172","±2,924","8.6%","±1.8","272,234","±758","34,346","±6,304","12.6%","±2.3","86,081","±306","12,175","±2,541","14.1%","±2.9","242,121","±1,091","20,681","±4,230","8.5%","±1.7","79,577","±642","11,515","±3,729","14.5%","±4.7","69,085","±153","5,810","±1,279","8.4%","±1.9","164,295","±525","24,628","±6,788","15.0%","±4.1","83,212","±12","7,843","±2,857","9.4%","±3.4","99,762","±462","16,717","±3,868","16.8%","±3.9","99,771","±459","12,243","±3,116","12.3%","±3.1","322,098","±468","52,916","±5,970","16.4%","±1.8","175,511","±1,064","18,011","±4,365","10.3%","±2.5","331,343","±443","34,701","±6,739","10.5%","±2.0","386,483","±1,221","51,164","±7,340","13.2%","±1.9","78,050","±357","11,370","±3,037","14.6%","±3.9","238,577","±491","28,627","±5,271","12.0%","±2.2","531,676","±935","71,239","±9,864","13.4%","±1.9","142,736","±669","19,128","±3,795","13.4%","±2.7","119,545","±331","10,947","±2,693","9.2%","±2.2","204,633","±632","20,898","±4,879","10.2%","±2.4","247,801","±288","21,273","±6,104","8.6%","±2.5","67,796","±15","9,442","±2,369","13.9%","±3.5","96,707","±323","9,678","±3,752","10.0%","±3.9","1,187,197","±1,873","124,766","±9,960","10.5%","±0.8","107,402","±131","12,659","±3,373","11.8%","±3.1","96,554","±41","9,564","±2,527","9.9%","±2.6","237,994","±1,074","27,330","±5,186","11.5%","±2.2","191,129","±1,650","19,530","±4,656","10.2%","±2.4","140,985","±808","17,845","±2,829","12.7%","±2.0","68,276","±217","6,285","±2,634","9.2%","±3.9","173,740","±904","35,513","±5,532","20.4%","±3.2","146,352","±644","18,026","±4,262","12.3%","±2.9","114,792","±322","27,123","±2,662","23.6%","±2.3","92,152","±634","17,631","±3,716","19.1%","±4.0","149,443","±864","21,454","±4,080","14.4%","±2.7","64,256","±294","8,481","±2,393","13.2%","±3.7","65,040","±846","9,001","±3,129","13.8%","±4.8","70,868","±106","12,909","±2,564","18.2%","±3.6","260,537","±65","19,594","±4,734","7.5%","±1.8","1,209,628","±1,588","104,347","±11,225","8.6%","±0.9","116,750","±1,049","24,762","±4,348","21.2%","±3.7","65,123","±210","10,097","±2,361","15.5%","±3.6","78,556","±226","13,859","±3,345","17.6%","±4.3"
"    AGE","","","","","","","","","","","","","","","","","","","","","","","","","","","","","","","","","","","","","","","","","","","","","","","","","","","","","","","","","","","","","","","","","","","","","","","","","","","","","","","","","","","","","","","","","","","","","","","","","","","","","","","","","","","","","","","","","","","","","","","","","","","","","","","","","","","","","","","","","","","","","","","","","","","","","","","","","","","","","","","","","","","","","","","","","","","","","","","","","","","","","","","","","","","","","","","","","","","","","","","","","","","","","","","","","","","","","","","","","","","","","","","","","","","","","","","","","","","","","","","","","","","","","","","","","","","","","","","","","","","","","","","",""
"        Under 18 years","39,184","±626","8,321","±2,977","21.2%","±7.6","21,935","±623","3,567","±1,708","16.3%","±7.8","47,152","±849","7,374","±3,103","15.6%","±6.5","15,662","±299","4,452","±1,526","28.4%","±9.7","59,064","±1,141","5,781","±2,433","9.8%","±4.1","15,019","±906","2,633","±1,791","17.5%","±11.5","11,273","±418","878","±618","7.8%","±5.4","34,817","±545","7,422","±3,369","21.3%","±9.6","15,339","±961","1,980","±1,246","12.9%","±8.0","21,621","±625","4,641","±2,066","21.5%","±9.7","21,053","±567","2,444","±1,452","11.6%","±6.9","85,070","±508","18,666","±3,206","21.9%","±3.8","37,170","±1,068","4,718","±1,958","12.7%","±5.4","67,003","±369","8,387","±3,937","12.5%","±5.9","87,416","±1,132","13,569","±4,184","15.5%","±4.8","16,703","±435","2,962","±1,408","17.7%","±8.3","52,895","±493","7,567","±2,418","14.3%","±4.6","119,479","±676","22,994","±5,766","19.2%","±4.8","35,455","±710","4,613","±1,548","13.0%","±4.4","21,739","±666","3,320","±1,503","15.3%","±6.9","44,355","±640","5,600","±2,028","12.6%","±4.6","59,993","±329","8,695","±3,582","14.5%","±6.0","14,831","±1,057","2,924","±1,290","19.7%","±8.7","19,559","±342","3,027","±2,004","15.5%","±10.3","266,627","±1,824","37,953","±5,983","14.2%","±2.2","23,076","±152","3,727","±1,843","16.2%","±8.0","21,107","±146","2,803","±1,364","13.3%","±6.5","41,092","±1,109","5,617","±2,531","13.7%","±6.4","51,804","±1,606","5,562","±3,227","10.7%","±6.2","26,827","±828","2,037","±1,258","7.6%","±4.7","15,455","±392","1,288","±973","8.3%","±6.3","36,203","±871","8,369","±2,438","23.1%","±6.7","31,729","±641","4,585","±2,032","14.5%","±6.4","30,439","±382","9,224","±1,596","30.3%","±5.3","18,382","±712","5,583","±1,875","30.4%","±10.3","32,398","±936","5,960","±2,291","18.4%","±7.1","12,665","±290","1,872","±1,106","14.8%","±8.7","13,819","±839","2,608","±1,433","18.9%","±10.3","14,991","±665","3,955","±966","26.4%","±6.3","65,669","±289","7,310","±3,157","11.1%","±4.8","271,256","±1,600","29,511","±6,049","10.9%","±2.2","27,063","±1,100","9,734","±2,226","36.0%","±7.9","12,699","±213","2,683","±1,212","21.1%","±9.5","17,813","±268","5,768","±1,946","32.4%","±11.0"
"            Under 5 years","10,003","±369","1,372","±957","13.7%","±9.6","6,172","±1,071","1,099","±496","17.8%","±8.4","12,690","±1,728","2,447","±1,448","19.3%","±10.0","3,171","±621","567","±512","17.9%","±15.7","14,419","±156","1,869","±1,027","13.0%","±7.1","3,214","±854","764","±672","23.8%","±21.0","2,324","±430","516","±487","22.2%","±17.5","8,631","±1,231","1,349","±1,127","15.6%","±13.3","3,330","±798","528","±528","15.9%","±13.8","5,883","±594","1,470","±881","25.0%","±14.3","5,310","±909","616","±662","11.6%","±12.2","24,398","±356","5,461","±1,461","22.4%","±6.0","8,479","±1,134","1,074","±762","12.7%","±9.3","20,367","±279","3,039","±1,740","14.9%","±8.6","22,074","±638","4,003","±1,911","18.1%","±8.6","4,268","±435","705","±518","16.5%","±11.5","14,190","±352","2,955","±1,221","20.8%","±8.6","30,249","±367","6,067","±2,374","20.1%","±7.8","9,175","±665","1,399","±839","15.2%","±9.2","5,019","±563","901","±629","18.0%","±11.5","10,678","±682","1,332","±665","12.5%","±6.2","14,847","±252","2,197","±1,155","14.8%","±7.8","3,896","±931","466","±378","12.0%","±10.1","4,719","±514","732","±663","15.5%","±14.2","75,358","±1,160","10,405","±2,834","13.8%","±3.8","5,694","±483","607","±387","10.7%","±6.8","5,105","±313","583","±419","11.4%","±8.2","11,056","±1,059","1,848","±1,073","16.7%","±9.6","17,091","±407","1,889","±1,271","11.1%","±7.5","5,727","±282","429","±519","7.5%","±9.0","3,328","±710","116","±213","3.5%","±6.3","9,618","±324","3,543","±1,268","36.8%","±13.2","7,405","±778","1,385","±693","18.7%","±9.0","8,806","±164","2,733","±769","31.0%","±8.7","4,427","±824","1,705","±527","38.5%","±11.0","7,201","±901","516","±348","7.2%","±4.9","3,782","±600","452","±416","12.0%","±11.1","2,749","±445","471","±374","17.1%","±12.2","3,242","±553","347","±307","10.7%","±9.9","14,216","±318","1,552","±1,090","10.9%","±7.6","68,428","±670","7,628","±2,540","11.1%","±3.7","7,473","±493","3,092","±902","41.4%","±11.4","3,378","±648","246","±253","7.3%","±7.5","3,265","±964","841","±896","25.8%","±21.8"
"            5 to 17 years","29,181","±528","6,949","±2,373","23.8%","±8.1","15,763","±1,157","2,468","±1,444","15.7%","±9.3","34,462","±1,431","4,927","±2,624","14.3%","±7.5","12,491","±507","3,885","±1,322","31.1%","±10.7","44,645","±1,111","3,912","±2,111","8.8%","±4.7","11,805","±551","1,869","±1,371","15.8%","±11.5","8,949","±477","362","±285","4.0%","±3.2","26,186","±1,209","6,073","±2,688","23.2%","±10.0","12,009","±956","1,452","±1,008","12.1%","±8.4","15,738","±685","3,171","±1,571","20.1%","±10.3","15,743","±879","1,828","±1,116","11.6%","±7.0","60,672","±630","13,205","±2,500","21.8%","±4.1","28,691","±1,263","3,644","±1,779","12.7%","±6.3","46,636","±415","5,348","±2,668","11.5%","±5.7","65,342","±614","9,566","±3,112","14.6%","±4.8","12,435","±396","2,257","±1,077","18.2%","±8.5","38,705","±416","4,612","±1,739","11.9%","±4.5","89,230","±509","16,927","±4,246","19.0%","±4.8","26,280","±646","3,214","±1,242","12.2%","±4.8","16,720","±760","2,419","±1,268","14.5%","±7.4","33,677","±436","4,268","±1,892","12.7%","±5.6","45,146","±384","6,498","±2,992","14.4%","±6.6","10,935","±1,043","2,458","±1,222","22.5%","±10.8","14,840","±679","2,295","±1,438","15.5%","±9.6","191,269","±1,009","27,548","±4,375","14.4%","±2.3","17,382","±489","3,120","±1,766","17.9%","±10.2","16,002","±298","2,220","±1,273","13.9%","±7.9","30,036","±1,489","3,769","±1,766","12.5%","±6.2","34,713","±1,640","3,673","±2,259","10.6%","±6.4","21,100","±850","1,608","±884","7.6%","±4.2","12,127","±751","1,172","±993","9.7%","±7.9","26,585","±900","4,826","±1,800","18.2%","±6.7","24,324","±831","3,200","±1,605","13.2%","±6.7","21,633","±332","6,491","±1,217","30.0%","±5.6","13,955","±496","3,878","±1,753","27.8%","±12.7","25,197","±1,204","5,444","±2,234","21.6%","±8.8","8,883","±636","1,420","±1,046","16.0%","±11.6","11,070","±567","2,137","±1,337","19.3%","±12.1","11,749","±832","3,608","±869","30.7%","±6.9","51,453","±440","5,758","±2,348","11.2%","±4.6","202,828","±1,462","21,883","±4,781","10.8%","±2.3","19,590","±814","6,642","±1,638","33.9%","±8.2","9,321","±706","2,437","±1,150","26.1%","±12.4","14,548","±1,040","4,927","±1,985","33.9%","±13.6"
"            Related children of householder under 18 years","38,999","±679","8,136","±3,011","20.9%","±7.7","21,935","±623","3,567","±1,708","16.3%","±7.8","47,152","±849","7,374","±3,103","15.6%","±6.5","15,583","±309","4,373","±1,533","28.1%","±9.8","59,064","±1,141","5,781","±2,433","9.8%","±4.1","15,019","±906","2,633","±1,791","17.5%","±11.5","11,263","±418","868","±618","7.7%","±5.4","34,804","±544","7,409","±3,368","21.3%","±9.6","15,339","±961","1,980","±1,246","12.9%","±8.0","21,033","±1,233","4,053","±1,860","19.3%","±8.9","20,727","±821","2,444","±1,452","11.8%","±7.0","84,646","±646","18,242","±3,204","21.6%","±3.8","37,095","±1,083","4,643","±1,961","12.5%","±5.4","67,003","±369","8,387","±3,937","12.5%","±5.9","87,327","±1,154","13,569","±4,184","15.5%","±4.8","16,703","±435","2,962","±1,408","17.7%","±8.3","52,895","±493","7,567","±2,418","14.3%","±4.6","119,230","±702","22,745","±5,751","19.1%","±4.8","35,380","±718","4,538","±1,536","12.8%","±4.4","21,739","±666","3,320","±1,503","15.3%","±6.9","44,039","±704","5,469","±1,997","12.4%","±4.5","59,910","±351","8,612","±3,595","14.4%","±6.0","14,831","±1,057","2,924","±1,290","19.7%","±8.7","19,294","±464","2,762","±1,932","14.3%","±10.1","265,876","±1,996","37,327","±5,967","14.0%","±2.2","22,908","±227","3,559","±1,870","15.5%","±8.1","20,998","±236","2,694","±1,324","12.8%","±6.3","40,620","±1,639","5,533","±2,530","13.6%","±6.6","50,777","±1,954","5,336","±3,197","10.5%","±6.3","26,459","±907","1,669","±1,219","6.3%","±4.6","15,455","±392","1,288","±973","8.3%","±6.3","35,938","±917","8,168","±2,446","22.7%","±6.8","31,729","±641","4,585","±2,032","14.5%","±6.4","30,191","±398","8,976","±1,557","29.7%","±5.2","18,136","±848","5,337","±1,928","29.4%","±10.6","32,245","±948","5,807","±2,303","18.0%","±7.2","12,507","±399","1,714","±1,003","13.7%","±8.1","13,778","±842","2,567","±1,436","18.6%","±10.3","14,679","±819","3,643","±983","24.8%","±6.4","65,516","±359","7,157","±3,155","10.9%","±4.8","270,548","±1,720","28,803","±6,062","10.6%","±2.2","27,063","±1,100","9,734","±2,226","36.0%","±7.9","12,545","±280","2,603","±1,194","20.7%","±9.5","17,703","±315","5,658","±1,989","32.0%","±11.2"
"        18 to 64 years","106,643","±742","13,326","±2,741","12.5%","±2.5","84,506","±989","7,109","±1,449","8.4%","±1.7","163,699","±1,162","20,764","±4,156","12.7%","±2.5","51,238","±486","5,691","±1,341","11.1%","±2.6","150,115","±859","11,624","±2,239","7.7%","±1.5","47,395","±868","6,377","±2,257","13.5%","±4.7","37,480","±543","3,554","±864","9.5%","±2.3","96,577","±1,242","14,104","±4,083","14.6%","±4.2","46,004","±1,081","3,476","±1,719","7.6%","±3.8","58,614","±593","9,465","±2,378","16.1%","±4.1","55,984","±701","7,901","±2,321","14.1%","±4.2","191,673","±392","27,707","±3,040","14.5%","±1.6","103,895","±438","10,164","±2,731","9.8%","±2.6","213,155","±1,166","21,801","±3,652","10.2%","±1.7","230,242","±951","29,176","±3,931","12.7%","±1.7","46,432","±650","6,037","±1,817","13.0%","±4.0","145,721","±894","17,099","±3,354","11.7%","±2.3","322,149","±1,057","40,319","±5,603","12.5%","±1.7","87,229","±821","12,216","±2,589","14.0%","±3.0","64,994","±875","4,740","±1,250","7.3%","±1.9","124,719","±938","11,863","±2,934","9.5%","±2.4","153,096","±670","9,290","±2,830","6.1%","±1.8","41,250","±1,277","5,172","±1,381","12.5%","±3.4","57,917","±559","3,973","±1,779","6.9%","±3.1","772,870","±575","71,241","±5,769","9.2%","±0.7","58,278","±755","7,350","±2,008","12.6%","±3.4","56,752","±328","4,758","±1,525","8.4%","±2.7","148,527","±587","17,671","±3,218","11.9%","±2.1","116,557","±694","12,048","±2,487","10.3%","±2.1","89,064","±606","13,802","±2,220","15.5%","±2.5","40,550","±618","3,400","±1,650","8.4%","±4.1","110,375","±721","22,684","±3,525","20.6%","±3.2","86,784","±870","9,254","±2,234","10.7%","±2.6","65,958","±322","14,339","±1,375","21.7%","±2.1","53,670","±690","8,621","±2,128","16.1%","±4.0","90,518","±544","12,276","±2,425","13.6%","±2.7","36,587","±614","4,673","±1,584","12.8%","±4.3","39,260","±424","5,269","±1,972","13.4%","±5.0","41,667","±756","5,997","±1,647","14.4%","±4.0","158,592","±409","9,437","±2,408","6.0%","±1.5","772,007","±371","60,287","±6,573","7.8%","±0.9","68,664","±760","12,290","±2,736","17.9%","±3.9","37,242","±661","5,004","±1,324","13.4%","±3.5","45,532","±588","6,695","±1,836","14.7%","±4.0"
"            18 to 34 years","38,672","±1,717","6,660","±2,065","17.2%","±5.1","24,514","±639","2,619","±824","10.7%","±3.4","55,062","±2,337","8,755","±2,816","15.9%","±4.8","17,422","±1,174","1,923","±612","11.0%","±3.3","52,479","±1,728","4,907","±1,605","9.4%","±3.0","15,451","±668","2,608","±1,192","16.9%","±7.7","10,363","±484","782","±514","7.5%","±4.9","33,757","±1,792","5,755","±2,079","17.0%","±6.0","12,452","±1,295","1,618","±1,218","13.0%","±9.2","21,397","±1,011","4,406","±1,865","20.6%","±8.4","21,925","±1,024","4,179","±1,749","19.1%","±7.9","82,142","±626","12,742","±1,823","15.5%","±2.2","35,982","±1,796","3,249","±1,211","9.0%","±3.4","89,127","±386","11,899","±2,309","13.4%","±2.6","84,224","±639","12,212","±2,269","14.5%","±2.7","15,562","±613","2,675","±1,023","17.2%","±6.5","51,446","±772","7,062","±1,806","13.7%","±3.5","117,152","±1,217","21,339","±4,154","18.2%","±3.5","31,900","±1,335","5,299","±1,730","16.6%","±5.3","19,214","±906","1,334","±668","6.9%","±3.5","41,572","±1,309","5,261","±1,949","12.7%","±4.6","53,295","±889","2,802","±1,104","5.3%","±2.1","16,264","±1,160","2,140","±1,040","13.2%","±6.2","18,350","±1,109","1,455","±1,145","7.9%","±6.2","309,760","±458","36,084","±3,969","11.6%","±1.3","18,056","±510","2,564","±1,005","14.2%","±5.5","20,237","±1,065","1,768","±1,117","8.7%","±5.6","58,863","±1,350","10,586","±1,978","18.0%","±3.2","54,811","±1,139","4,714","±1,536","8.6%","±2.8","36,055","±1,145","10,507","±2,019","29.1%","±5.5","13,002","±1,012","1,704","±1,174","13.1%","±8.7","52,421","±930","15,974","±2,404","30.5%","±4.5","30,182","±685","3,426","±1,263","11.4%","±4.2","25,243","±1,136","5,185","±906","20.5%","±3.4","17,114","±1,063","2,471","±978","14.4%","±5.8","32,277","±1,021","5,119","±1,512","15.9%","±4.6","11,688","±1,045","1,653","±750","14.1%","±6.6","13,957","±549","2,257","±1,017","16.2%","±7.1","13,525","±1,242","1,278","±687","9.4%","±4.9","51,422","±2,181","2,966","±1,284","5.8%","±2.5","276,965","±524","31,093","±4,051","11.2%","±1.5","26,035","±997","4,678","±1,495","18.0%","±5.8","12,185","±664","1,625","±672","13.3%","±5.7","15,358","±1,051","2,414","±941","15.7%","±5.8"
"            35 to 64 years","67,971","±1,483","6,666","±1,691","9.8%","±2.4","59,992","±1,008","4,490","±1,023","7.5%","±1.7","108,637","±2,496","12,009","±2,593","11.1%","±2.4","33,816","±1,251","3,768","±1,109","11.1%","±3.2","97,636","±1,600","6,717","±1,705","6.9%","±1.7","31,944","±642","3,769","±1,387","11.8%","±4.3","27,117","±598","2,772","±710","10.2%","±2.6","62,820","±2,071","8,349","±2,639","13.3%","±4.1","33,552","±1,275","1,858","±1,159","5.5%","±3.5","37,217","±929","5,059","±1,528","13.6%","±4.1","34,059","±962","3,722","±1,100","10.9%","±3.2","109,531","±607","14,965","±2,121","13.7%","±1.9","67,913","±1,858","6,915","±1,978","10.2%","±2.9","124,028","±1,150","9,902","±2,119","8.0%","±1.7","146,018","±1,010","16,964","±2,846","11.6%","±1.9","30,870","±674","3,362","±1,378","10.9%","±4.5","94,275","±1,104","10,037","±2,520","10.6%","±2.7","204,997","±1,148","18,980","±3,090","9.3%","±1.5","55,329","±1,371","6,917","±1,542","12.5%","±2.8","45,780","±958","3,406","±1,202","7.4%","±2.6","83,147","±1,628","6,602","±1,689","7.9%","±2.1","99,801","±950","6,488","±2,270","6.5%","±2.3","24,986","±1,300","3,032","±1,079","12.1%","±4.3","39,567","±1,137","2,518","±1,084","6.4%","±2.8","463,110","±498","35,157","±4,069","7.6%","±0.9","40,222","±784","4,786","±1,512","11.9%","±3.7","36,515","±1,129","2,990","±1,021","8.2%","±2.8","89,664","±1,410","7,085","±2,101","7.9%","±2.3","61,746","±1,258","7,334","±1,944","11.9%","±3.2","53,009","±1,147","3,295","±953","6.2%","±1.8","27,548","±1,212","1,696","±835","6.2%","±3.0","57,954","±1,121","6,710","±2,019","11.6%","±3.5","56,602","±1,178","5,828","±1,690","10.3%","±2.9","40,715","±1,207","9,154","±1,151","22.5%","±2.6","36,556","±1,199","6,150","±1,791","16.8%","±4.9","58,241","±1,146","7,157","±1,906","12.3%","±3.2","24,899","±1,183","3,020","±1,169","12.1%","±4.5","25,303","±610","3,012","±1,182","11.9%","±4.7","28,142","±1,431","4,719","±1,581","16.8%","±5.5","107,170","±2,180","6,471","±2,015","6.0%","±1.9","495,042","±434","29,194","±4,513","5.9%","±0.9","42,629","±1,129","7,612","±1,992","17.9%","±4.6","25,057","±999","3,379","±1,219","13.5%","±4.8","30,174","±1,088","4,281","±1,363","14.2%","±4.4"
"        60 years and over","42,346","±1,546","5,502","±1,298","13.0%","±3.0","78,550","±1,677","4,959","±1,143","6.3%","±1.5","79,116","±1,990","8,686","±1,615","11.0%","±2.1","26,081","±1,212","2,647","±736","10.1%","±2.8","48,560","±2,004","5,056","±1,466","10.4%","±3.0","23,628","±1,303","3,014","±854","12.8%","±3.6","26,014","±868","1,777","±531","6.8%","±2.1","44,414","±1,721","4,487","±1,447","10.1%","±3.2","27,345","±1,042","2,823","±972","10.3%","±3.6","27,254","±1,290","3,747","±1,171","13.7%","±4.1","30,802","±866","2,818","±843","9.1%","±2.8","64,376","±1,186","9,382","±1,421","14.6%","±2.2","48,064","±1,772","4,149","±912","8.6%","±1.9","71,501","±1,912","5,995","±1,335","8.4%","±1.9","90,958","±2,104","11,326","±2,348","12.5%","±2.5","19,686","±1,267","2,882","±1,016","14.6%","±5.0","56,745","±1,670","5,888","±1,304","10.4%","±2.3","120,818","±2,548","10,698","±2,049","8.9%","±1.7","28,533","±1,238","3,617","±971","12.7%","±3.2","41,752","±1,316","3,440","±955","8.2%","±2.3","49,940","±1,823","4,194","±1,405","8.4%","±2.8","50,582","±1,916","4,901","±1,391","9.7%","±2.7","15,391","±1,058","1,584","±626","10.3%","±4.0","25,812","±1,216","3,017","±1,064","11.7%","±4.0","208,958","±3,610","20,299","±2,216","9.7%","±1.1","32,841","±1,196","2,771","±967","8.4%","±2.9","25,145","±1,253","2,505","±758","10.0%","±3.0","64,852","±1,637","5,453","±1,500","8.4%","±2.3","32,160","±1,170","2,954","±849","9.2%","±2.6","34,432","±948","3,286","±1,106","9.5%","±3.1","16,776","±1,218","2,481","±990","14.8%","±5.5","35,542","±1,311","5,324","±1,575","15.0%","±4.3","37,416","±1,578","4,791","±1,483","12.8%","±3.9","26,281","±1,128","5,539","±776","21.1%","±2.7","27,810","±1,484","4,762","±1,439","17.1%","±5.2","38,031","±1,372","4,602","±1,234","12.1%","±3.3","19,237","±966","2,129","±757","11.1%","±3.9","16,834","±903","1,574","±582","9.4%","±3.5","20,329","±1,040","4,047","±981","19.9%","±4.8","52,583","±1,673","3,544","±1,074","6.7%","±2.1","237,233","±3,705","18,459","±2,840","7.8%","±1.2","29,343","±1,010","3,331","±993","11.4%","±3.4","20,363","±913","2,833","±894","13.9%","±4.4","20,338","±1,192","1,772","±670","8.7%","±3.3"
"        65 years and over","31,257","±201","4,363","±1,091","14.0%","±3.5","59,184","±936","3,496","±986","5.9%","±1.6","61,383","±1,093","6,208","±1,228","10.1%","±2.0","19,181","±484","2,032","±562","10.6%","±2.9","32,942","±793","3,276","±1,004","9.9%","±3.0","17,163","±527","2,505","±872","14.6%","±4.9","20,332","±443","1,378","±486","6.8%","±2.4","32,901","±1,225","3,102","±1,156","9.4%","±3.3","21,869","±503","2,387","±963","10.9%","±4.4","19,527","±292","2,611","±786","13.4%","±4.0","22,734","±495","1,898","±736","8.3%","±3.2","45,355","±244","6,543","±1,151","14.4%","±2.6","34,446","±433","3,129","±857","9.1%","±2.5","51,185","±1,101","4,513","±1,193","8.8%","±2.4","68,825","±855","8,419","±1,807","12.2%","±2.6","14,915","±509","2,371","±936","15.9%","±6.3","39,961","±891","3,961","±1,041","9.9%","±2.6","90,048","±671","7,926","±1,759","8.8%","±2.0","20,052","±569","2,299","±743","11.5%","±3.6","32,812","±756","2,887","±949","8.8%","±2.9","35,559","±912","3,435","±1,241","9.7%","±3.5","34,712","±614","3,288","±1,014","9.5%","±2.9","11,715","±699","1,346","±560","11.5%","±4.8","19,231","±542","2,678","±1,009","13.9%","±5.2","147,700","±427","15,572","±1,938","10.5%","±1.3","26,048","±742","1,582","±577","6.1%","±2.2","18,695","±257","2,003","±721","10.7%","±3.8","48,375","±585","4,042","±1,367","8.4%","±2.8","22,768","±658","1,920","±649","8.4%","±2.9","25,094","±498","2,006","±834","8.0%","±3.3","12,271","±547","1,597","±600","13.0%","±4.8","27,162","±687","4,460","±1,452","16.4%","±5.2","27,839","±870","4,187","±1,343","15.0%","±4.7","18,395","±286","3,560","±657","19.4%","±3.6","20,100","±636","3,427","±1,101","17.0%","±5.6","26,527","±357","3,218","±1,086","12.1%","±4.1","15,004","±617","1,936","±688","12.9%","±4.6","11,961","±424","1,124","±462","9.4%","±3.9","14,210","±387","2,957","±840","20.8%","±5.9","36,276","±318","2,847","±985","7.8%","±2.7","166,365","±251","14,549","±2,592","8.7%","±1.6","21,023","±496","2,738","±926","13.0%","±4.4","15,182","±664","2,410","±848","15.9%","±5.4","15,211","±574","1,396","±504","9.2%","±3.3"
"    SEX","","","","","","","","","","","","","","","","","","","","","","","","","","","","","","","","","","","","","","","","","","","","","","","","","","","","","","","","","","","","","","","","","","","","","","","","","","","","","","","","","","","","","","","","","","","","","","","","","","","","","","","","","","","","","","","","","","","","","","","","","","","","","","","","","","","","","","","","","","","","","","","","","","","","","","","","","","","","","","","","","","","","","","","","","","","","","","","","","","","","","","","","","","","","","","","","","","","","","","","","","","","","","","","","","","","","","","","","","","","","","","","","","","","","","","","","","","","","","","","","","","","","","","","","","","","","","","","","","","","","","","","",""
"        Male","86,728","±1,354","12,639","±3,044","14.6%","±3.4","78,650","±1,260","5,536","±1,389","7.0%","±1.8","132,574","±1,794","16,172","±3,775","12.2%","±2.9","42,215","±811","5,714","±1,539","13.5%","±3.6","119,363","±1,858","8,289","±2,169","6.9%","±1.8","39,898","±1,207","4,047","±2,008","10.1%","±5.0","33,315","±750","2,309","±718","6.9%","±2.1","79,674","±1,647","11,672","±3,477","14.6%","±4.3","40,699","±1,738","2,551","±1,189","6.3%","±3.0","49,142","±1,194","9,311","±2,522","18.9%","±5.2","48,786","±1,332","5,946","±1,937","12.2%","±4.0","154,026","±708","23,103","±3,173","15.0%","±2.1","87,406","±1,431","9,163","±2,529","10.5%","±2.9","157,591","±2,052","15,133","±2,918","9.6%","±1.9","184,795","±1,974","21,126","±4,242","11.4%","±2.3","37,382","±1,127","5,718","±1,706","15.3%","±4.4","117,075","±942","13,169","±3,191","11.2%","±2.7","254,061","±1,808","34,025","±5,694","13.4%","±2.2","69,876","±1,353","8,730","±2,315","12.5%","±3.2","59,332","±1,282","4,657","±1,542","7.8%","±2.6","100,808","±1,051","8,304","±2,341","8.2%","±2.3","120,511","±1,344","9,069","±2,825","7.5%","±2.3","33,977","±1,297","4,732","±1,338","13.9%","±4.0","48,580","±1,347","4,238","±1,726","8.7%","±3.5","573,059","±1,321","50,684","±4,884","8.8%","±0.9","53,379","±947","6,518","±2,063","12.2%","±3.9","47,176","±1,181","4,002","±1,268","8.5%","±2.7","113,071","±1,564","11,428","±2,191","10.1%","±1.9","96,962","±1,920","7,887","±2,615","8.1%","±2.7","68,650","±1,734","9,549","±2,263","13.9%","±3.2","34,283","±1,076","2,549","±1,171","7.4%","±3.5","80,985","±1,796","14,957","±2,924","18.5%","±3.6","72,538","±1,374","7,770","±2,209","10.7%","±3.1","55,114","±1,088","11,917","±1,537","21.6%","±2.7","44,120","±1,375","8,719","±2,289","19.8%","±5.0","73,264","±1,260","10,019","±2,412","13.7%","±3.3","30,183","±835","3,821","±1,221","12.7%","±4.0","31,696","±934","3,401","±1,434","10.7%","±4.5","33,521","±1,143","5,839","±1,579","17.4%","±4.8","128,939","±1,177","9,641","±2,693","7.5%","±2.1","592,605","±2,029","47,122","±5,741","8.0%","±1.0","56,503","±1,204","11,478","±2,539","20.3%","±4.4","32,361","±797","4,925","±1,374","15.2%","±4.3","37,715","±1,447","6,784","±1,950","18.0%","±5.2"
"        Female","90,356","±1,258","13,371","±3,057","14.8%","±3.4","86,975","±1,237","8,636","±2,394","9.9%","±2.7","139,660","±1,706","18,174","±3,306","13.0%","±2.3","43,866","±870","6,461","±1,347","14.7%","±3.1","122,758","±1,465","12,392","±2,713","10.1%","±2.2","39,679","±1,062","7,468","±2,486","18.8%","±6.2","35,770","±716","3,501","±1,010","9.8%","±2.7","84,621","±1,659","12,956","±4,193","15.3%","±4.8","42,513","±1,736","5,292","±1,921","12.4%","±4.4","50,620","±1,260","7,406","±1,950","14.6%","±3.8","50,985","±1,341","6,297","±1,692","12.4%","±3.4","168,072","±796","29,813","±3,264","17.7%","±1.9","88,105","±1,552","8,848","±2,293","10.0%","±2.6","173,752","±2,166","19,568","±4,801","11.3%","±2.7","201,688","±1,849","30,038","±5,052","14.9%","±2.5","40,668","±1,117","5,652","±1,663","13.9%","±4.2","121,502","±988","15,458","±2,696","12.7%","±2.2","277,615","±1,786","37,214","±5,474","13.4%","±2.0","72,860","±1,217","10,398","±2,000","14.3%","±2.7","60,213","±1,311","6,290","±1,718","10.4%","±2.8","103,825","±993","12,594","±3,117","12.1%","±3.0","127,290","±1,340","12,204","±3,914","9.6%","±3.1","33,819","±1,295","4,710","±1,474","13.9%","±4.3","48,127","±1,231","5,440","±2,488","11.3%","±5.1","614,138","±1,387","74,082","±7,085","12.1%","±1.2","54,023","±955","6,141","±1,852","11.4%","±3.4","49,378","±1,176","5,562","±1,654","11.3%","±3.4","124,923","±1,612","15,902","±3,641","12.7%","±3.0","94,167","±1,680","11,643","±2,698","12.4%","±2.9","72,335","±1,671","8,296","±1,742","11.5%","±2.4","33,993","±1,080","3,736","±1,706","11.0%","±4.9","92,755","±1,760","20,556","±3,941","22.2%","±4.2","73,814","±1,088","10,256","±2,701","13.9%","±3.6","59,678","±1,183","15,206","±1,780","25.5%","±2.9","48,032","±1,285","8,912","±1,968","18.6%","±4.2","76,179","±971","11,435","±2,463","15.0%","±3.2","34,073","±750","4,660","±1,511","13.7%","±4.5","33,344","±763","5,600","±1,920","16.8%","±5.8","37,347","±1,129","7,070","±1,371","18.9%","±3.6","131,598","±1,163","9,953","±2,575","7.6%","±2.0","617,023","±1,295","57,225","±7,085","9.3%","±1.1","60,247","±1,243","13,284","±2,573","22.0%","±4.2","32,762","±791","5,172","±1,326","15.8%","±4.0","40,841","±1,468","7,075","±2,319","17.3%","±5.4"
"    RACE AND HISPANIC OR LATINO ORIGIN","","","","","","","","","","","","","","","","","","","","","","","","","","","","","","","","","","","","","","","","","","","","","","","","","","","","","","","","","","","","","","","","","","","","","","","","","","","","","","","","","","","","","","","","","","","","","","","","","","","","","","","","","","","","","","","","","","","","","","","","","","","","","","","","","","","","","","","","","","","","","","","","","","","","","","","","","","","","","","","","","","","","","","","","","","","","","","","","","","","","","","","","","","","","","","","","","","","","","","","","","","","","","","","","","","","","","","","","","","","","","","","","","","","","","","","","","","","","","","","","","","","","","","","","","","","","","","","","","","","","","","","",""
"        White alone","100,485","±2,156","9,737","±2,133","9.7%","±2.1","134,907","±2,156","8,728","±2,237","6.5%","±1.6","225,420","±2,278","22,255","±5,707","9.9%","±2.5","68,834","±1,712","9,287","±2,697","13.5%","±3.8","136,741","±2,228","12,346","±3,011","9.0%","±2.2","68,914","±1,561","8,915","±3,161","12.9%","±4.5","59,871","±600","4,124","±888","6.9%","±1.5","123,522","±3,374","14,595","±5,125","11.8%","±4.0","60,426","±2,672","3,418","±1,384","5.7%","±2.3","70,066","±999","10,135","±3,118","14.5%","±4.5","68,004","±1,970","5,301","±1,418","7.8%","±2.1","129,699","±1,964","13,662","±2,584","10.5%","±2.0","135,421","±2,591","11,532","±3,534","8.5%","±2.6","140,092","±2,391","8,045","±1,572","5.7%","±1.1","210,254","±2,383","17,109","±2,942","8.1%","±1.4","48,062","±836","2,758","±1,050","5.7%","±2.2","156,280","±3,575","14,965","±2,769","9.6%","±1.7","241,297","±4,292","22,578","±4,872","9.4%","±2.0","87,625","±2,659","11,983","±3,387","13.7%","±3.8","95,104","±764","7,091","±1,865","7.5%","±2.0","148,896","±1,922","14,292","±3,506","9.6%","±2.4","155,276","±4,786","7,222","±2,701","4.7%","±1.7","41,677","±2,181","2,897","±1,168","7.0%","±2.9","78,532","±1,812","7,293","±3,357","9.3%","±4.3","527,751","±6,255","29,874","±3,931","5.7%","±0.7","83,100","±1,450","10,187","±3,171","12.3%","±3.8","45,839","±1,470","2,392","±1,324","5.2%","±2.9","181,212","±3,267","19,695","±3,536","10.9%","±2.0","127,626","±5,109","13,112","±4,093","10.3%","±3.2","95,712","±1,687","12,004","±2,002","12.5%","±2.1","51,947","±593","2,483","±989","4.8%","±1.9","88,687","±1,495","15,125","±3,168","17.1%","±3.6","109,306","±1,470","10,519","±2,653","9.6%","±2.4","26,730","±1,159","4,015","±906","15.0%","±3.5","66,264","±2,688","11,249","±3,249","17.0%","±4.8","101,785","±2,256","10,561","±3,013","10.4%","±2.8","53,232","±782","6,477","±1,947","12.2%","±3.7","49,809","±1,082","5,312","±1,777","10.7%","±3.6","58,617","±1,074","8,372","±2,587","14.3%","±4.4","178,153","±3,455","8,635","±2,465","4.8%","±1.4","684,675","±6,452","43,196","±5,743","6.3%","±0.8","58,527","±1,741","6,452","±1,847","11.0%","±3.1","57,831","±1,157","8,042","±2,020","13.9%","±3.5","36,522","±1,909","3,892","±1,892","10.7%","±4.8"
"        Black or African American alone","34,642","±2,755","7,573","±3,153","21.9%","±8.7","13,262","±1,723","2,891","±1,623","21.8%","±10.5","11,207","±2,239","4,218","±1,776","37.6%","±15.9","N","N","N","N","N","N","50,068","±4,603","4,812","±2,461","9.6%","±4.8","N","N","N","N","N","N","3,184","±581","760","±749","23.9%","±21.5","13,722","±3,238","6,354","±3,500","46.3%","±18.7","N","N","N","N","N","N","18,466","±2,073","5,552","±2,085","30.1%","±11.0","18,593","±2,295","6,089","±2,498","32.7%","±11.5","125,116","±2,488","29,106","±4,923","23.3%","±3.8","12,908","±2,024","3,950","±1,877","30.6%","±13.5","100,453","±4,453","12,319","±4,065","12.3%","±4.1","91,444","±4,868","18,972","±4,795","20.7%","±5.0","17,580","±1,317","4,849","±2,098","27.6%","±12.1","39,690","±3,544","7,989","±3,253","20.1%","±8.0","179,549","±4,642","26,747","±5,875","14.9%","±3.3","26,336","±2,130","4,588","±1,919","17.4%","±7.3","N","N","N","N","N","N","21,106","±2,073","3,061","±1,975","14.5%","±9.3","44,351","±2,653","6,590","±3,197","14.9%","±7.3","11,158","±1,075","2,457","±1,514","22.0%","±13.6","N","N","N","N","N","N","348,496","±7,121","45,714","±7,341","13.1%","±2.1","9,919","±1,280","1,328","±794","13.4%","±8.3","37,742","±2,109","5,435","±1,781","14.4%","±4.7","25,483","±2,020","3,883","±2,314","15.2%","±9.1","20,702","±2,715","3,421","±1,677","16.5%","±7.7","14,391","±1,066","1,469","±788","10.2%","±5.6","7,285","±1,101","2,076","±1,975","28.5%","±26.4","62,348","±2,136","14,364","±3,676","23.0%","±5.8","N","N","N","N","N","N","26,579","±1,282","9,010","±1,656","33.9%","±6.0","15,952","±1,433","3,917","±2,527","24.6%","±14.8","21,042","±2,963","4,831","±1,909","23.0%","±8.9","N","N","N","N","N","N","6,438","±1,201","1,167","±1,009","18.1%","±16.0","N","N","N","N","N","N","29,628","±2,396","5,823","±3,631","19.7%","±11.4","224,015","±5,899","29,741","±7,012","13.3%","±3.0","32,690","±2,396","8,283","±2,557","25.3%","±7.5","N","N","N","N","N","N","29,432","±1,308","6,483","±2,572","22.0%","±8.7"
"        American Indian and Alaska Native alone","N","N","N","N","N","N","N","N","N","N","N","N","N","N","N","N","N","N","N","N","N","N","N","N","N","N","N","N","N","N","N","N","N","N","N","N","N","N","N","N","N","N","N","N","N","N","N","N","N","N","N","N","N","N","N","N","N","N","N","N","N","N","N","N","N","N","4,641","±1,078","384","±267","8.3%","±6.5","N","N","N","N","N","N","N","N","N","N","N","N","N","N","N","N","N","N","N","N","N","N","N","N","N","N","N","N","N","N","N","N","N","N","N","N","N","N","N","N","N","N","N","N","N","N","N","N","N","N","N","N","N","N","N","N","N","N","N","N","N","N","N","N","N","N","N","N","N","N","N","N","N","N","N","N","N","N","N","N","N","N","N","N","N","N","N","N","N","N","N","N","N","N","N","N","N","N","N","N","N","N","N","N","N","N","N","N","N","N","N","N","N","N","N","N","N","N","N","N","N","N","N","N","N","N","43,575","±1,165","8,986","±1,532","20.6%","±3.5","N","N","N","N","N","N","N","N","N","N","N","N","N","N","N","N","N","N","N","N","N","N","N","N","N","N","N","N","N","N","N","N","N","N","N","N","N","N","N","N","N","N","N","N","N","N","N","N","N","N","N","N","N","N","N","N","N","N","N","N"
"        Asian alone","N","N","N","N","N","N","N","N","N","N","N","N","N","N","N","N","N","N","N","N","N","N","N","N","N","N","N","N","N","N","N","N","N","N","N","N","N","N","N","N","N","N","N","N","N","N","N","N","N","N","N","N","N","N","N","N","N","N","N","N","N","N","N","N","N","N","9,056","±1,352","1,223","±824","13.5%","±8.8","N","N","N","N","N","N","19,504","±1,381","3,346","±984","17.2%","±4.9","9,392","±1,013","243","±215","2.6%","±2.3","N","N","N","N","N","N","N","N","N","N","N","N","30,762","±1,800","3,502","±2,350","11.4%","±7.6","N","N","N","N","N","N","N","N","N","N","N","N","N","N","N","N","N","N","N","N","N","N","N","N","N","N","N","N","N","N","N","N","N","N","N","N","78,093","±2,764","7,808","±2,155","10.0%","±2.8","N","N","N","N","N","N","N","N","N","N","N","N","N","N","N","N","N","N","N","N","N","N","N","N","10,253","±1,183","1,284","±711","12.5%","±6.7","N","N","N","N","N","N","N","N","N","N","N","N","N","N","N","N","N","N","N","N","N","N","N","N","N","N","N","N","N","N","N","N","N","N","N","N","N","N","N","N","N","N","N","N","N","N","N","N","N","N","N","N","N","N","15,156","±1,005","2,087","±2,542","13.8%","±16.7","117,651","±3,236","5,454","±2,305","4.6%","±1.9","N","N","N","N","N","N","N","N","N","N","N","N","N","N","N","N","N","N"
"        Native Hawaiian and Other Pacific Islander alone","N","N","N","N","N","N","N","N","N","N","N","N","N","N","N","N","N","N","N","N","N","N","N","N","N","N","N","N","N","N","N","N","N","N","N","N","N","N","N","N","N","N","N","N","N","N","N","N","N","N","N","N","N","N","N","N","N","N","N","N","N","N","N","N","N","N","N","N","N","N","N","N","N","N","N","N","N","N","N","N","N","N","N","N","N","N","N","N","N","N","N","N","N","N","N","N","N","N","N","N","N","N","N","N","N","N","N","N","N","N","N","N","N","N","N","N","N","N","N","N","N","N","N","N","N","N","N","N","N","N","N","N","N","N","N","N","N","N","N","N","N","N","N","N","N","N","N","N","N","N","N","N","N","N","N","N","N","N","N","N","N","N","N","N","N","N","N","N","N","N","N","N","N","N","N","N","N","N","N","N","N","N","N","N","N","N","N","N","N","N","N","N","N","N","N","N","N","N","N","N","N","N","N","N","N","N","N","N","N","N","N","N","N","N","N","N","N","N","N","N","N","N","N","N","N","N","N","N","N","N","N","N","N","N","N","N","N","N","N","N","N","N","N","N","N","N","N","N","N","N","N","N","N","N","N","N","N","N","N","N","N","N","N","N"
"        Some other race alone","17,773","±2,661","3,476","±1,888","19.6%","±10.3","N","N","N","N","N","N","N","N","N","N","N","N","N","N","N","N","N","N","17,636","±4,193","2,580","±1,738","14.6%","±9.4","N","N","N","N","N","N","N","N","N","N","N","N","N","N","N","N","N","N","N","N","N","N","N","N","N","N","N","N","N","N","N","N","N","N","N","N","12,746","±2,718","1,974","±856","15.5%","±7.1","N","N","N","N","N","N","31,593","±5,454","8,094","±4,697","25.6%","±13.6","32,386","±6,298","7,087","±3,005","21.9%","±8.7","5,468","±1,617","2,624","±1,946","48.0%","±28.6","14,732","±3,444","1,629","±1,112","11.1%","±6.9","24,223","±4,491","5,759","±2,672","23.8%","±9.4","N","N","N","N","N","N","7,261","±2,574","2,287","±1,980","31.5%","±22.7","8,670","±2,539","1,828","±1,704","21.1%","±17.9","24,394","±5,186","6,557","±3,516","26.9%","±12.6","N","N","N","N","N","N","N","N","N","N","N","N","112,225","±9,595","26,770","±6,155","23.9%","±5.2","N","N","N","N","N","N","N","N","N","N","N","N","N","N","N","N","N","N","N","N","N","N","N","N","N","N","N","N","N","N","N","N","N","N","N","N","9,242","±2,087","3,245","±1,872","35.1%","±17.8","N","N","N","N","N","N","10,481","±1,422","3,010","±1,065","28.7%","±10.4","N","N","N","N","N","N","7,079","±2,558","2,024","±1,550","28.6%","±17.9","N","N","N","N","N","N","N","N","N","N","N","N","N","N","N","N","N","N","N","N","N","N","N","N","65,141","±7,423","13,059","±4,604","20.0%","±6.7","N","N","N","N","N","N","N","N","N","N","N","N","N","N","N","N","N","N"
"        Two or more races","17,236","±3,266","3,641","±2,638","21.1%","±14.0","8,120","±2,068","1,921","±1,672","23.7%","±17.5","23,845","±3,966","6,446","±2,349","27.0%","±8.7","6,088","±2,404","1,925","±1,807","31.6%","±21.2","N","N","N","N","N","N","N","N","N","N","N","N","4,475","±982","710","±479","15.9%","±10.0","N","N","N","N","N","N","N","N","N","N","N","N","N","N","N","N","N","N","7,803","±2,937","315","±278","4.0%","±4.1","40,089","±4,013","6,062","±2,080","15.1%","±5.1","17,737","±3,078","1,819","±1,263","10.3%","±6.8","36,252","±7,299","1,963","±850","5.4%","±2.3","40,404","±6,516","7,431","±4,194","18.4%","±9.4","N","N","N","N","N","N","22,492","±3,788","2,847","±1,712","12.7%","±7.7","53,664","±7,141","12,653","±5,479","23.6%","±8.8","N","N","N","N","N","N","11,050","±2,428","1,495","±1,403","13.5%","±12.2","20,706","±4,226","1,374","±1,067","6.6%","±5.1","N","N","N","N","N","N","6,536","±2,415","2,517","±1,641","38.5%","±18.3","N","N","N","N","N","N","110,244","±11,181","13,061","±3,843","11.8%","±3.2","8,934","±2,052","782","±760","8.8%","±8.8","N","N","N","N","N","N","19,190","±3,796","2,599","±1,381","13.5%","±6.9","24,445","±4,475","1,256","±809","5.1%","±3.3","15,750","±2,738","2,484","±1,910","15.8%","±11.8","5,281","±1,960","627","±519","11.9%","±9.6","8,530","±2,583","1,476","±810","17.3%","±9.3","12,402","±3,224","2,009","±1,812","16.2%","±13.3","6,281","±1,464","1,956","±953","31.1%","±12.1","6,688","±2,236","1,960","±1,305","29.3%","±16.6","18,218","±4,195","4,038","±2,540","22.2%","±12.7","7,358","±1,300","1,245","±1,203","16.9%","±16.5","N","N","N","N","N","N","N","N","N","N","N","N","N","N","N","N","N","N","114,643","±11,190","12,843","±4,399","11.2%","±3.5","21,800","±3,135","9,610","±2,917","44.1%","±12.0","N","N","N","N","N","N","N","N","N","N","N","N"
"        Hispanic or Latino origin (of any race)","29,115","±371","4,354","±1,919","15.0%","±6.6","9,838","±1","1,307","±848","13.3%","±8.6","24,239","±601","4,204","±1,876","17.3%","±7.8","7,902","±4","2,480","±1,525","31.4%","±19.3","32,768","±125","4,052","±2,362","12.4%","±7.2","N","N","N","N","N","N","3,705","±59","794","±466","21.4%","±12.5","20,524","±31","6,523","±3,764","31.8%","±18.3","11,712","±2","2,725","±1,986","23.3%","±17.0","N","N","N","N","N","N","N","N","N","N","N","N","42,745","±787","6,853","±1,987","16.0%","±4.7","N","N","N","N","N","N","55,889","±707","9,997","±4,712","17.9%","±8.4","61,993","±1,167","14,218","±5,218","22.9%","±8.4","9,701","±98","3,442","±1,923","35.5%","±19.8","26,682","±98","3,061","±1,566","11.5%","±5.9","56,004","±764","12,266","±3,834","21.9%","±6.8","23,073","±177","2,986","±1,473","12.9%","±6.4","16,276","±2","3,679","±2,267","22.6%","±13.9","20,812","±53","2,157","±1,819","10.4%","±8.7","44,183","±99","9,399","±4,604","21.3%","±10.4","15,622","±62","3,694","±1,888","23.6%","±12.1","N","N","N","N","N","N","201,849","±1,052","39,014","±6,092","19.3%","±3.0","N","N","N","N","N","N","N","N","N","N","N","N","19,892","±254","3,326","±1,583","16.7%","±8.0","24,714","±1,012","2,503","±1,145","10.1%","±4.6","14,961","±850","2,625","±1,883","17.5%","±12.5","N","N","N","N","N","N","14,342","±462","4,289","±1,904","29.9%","±13.1","21,711","±552","6,071","±3,254","28.0%","±15.1","13,339","±634","3,652","±1,224","27.4%","±9.2","N","N","N","N","N","N","19,560","±235","5,871","±2,809","30.0%","±14.3","N","N","N","N","N","N","N","N","N","N","N","N","9,445","±2","4,255","±1,239","45.1%","±13.1","37,382","±209","2,683","±1,604","7.2%","±4.3","144,802","±551","25,373","±5,817","17.5%","±4.0","17,009","±895","7,649","±2,080","45.0%","±12.1","N","N","N","N","N","N","10,724","±2","4,602","±2,404","42.9%","±22.4"
"        White alone, not Hispanic or Latino","97,889","±1,638","9,319","±1,913","9.5%","±1.9","133,779","±1,982","8,258","±2,163","6.2%","±1.6","220,149","±1,168","22,209","±5,708","10.1%","±2.6","67,831","±885","8,466","±2,351","12.5%","±3.5","133,430","±596","11,186","±2,767","8.4%","±2.1","67,365","±683","8,587","±2,976","12.7%","±4.4","59,196","±458","4,065","±904","6.9%","±1.5","117,302","±925","12,253","±3,535","10.4%","±3.0","57,644","±705","3,418","±1,384","5.9%","±2.4","69,229","±835","9,933","±3,084","14.3%","±4.5","65,371","±1,330","5,186","±1,368","7.9%","±2.1","122,708","±1,340","12,506","±2,485","10.2%","±2.0","131,618","±1,206","11,334","±3,498","8.6%","±2.7","134,870","±1,620","7,773","±1,513","5.8%","±1.1","205,151","±1,413","16,296","±2,995","7.9%","±1.5","47,384","±442","2,758","±1,050","5.8%","±2.2","151,801","±2,164","14,446","±2,693","9.5%","±1.7","234,497","±3,551","21,997","±4,924","9.4%","±2.1","81,599","±1,157","10,617","±3,198","13.0%","±3.9","94,430","±718","7,091","±1,865","7.5%","±2.0","146,727","±1,172","14,194","±3,494","9.7%","±2.4","145,526","±2,069","4,903","±1,052","3.4%","±0.7","37,401","±544","2,827","±1,135","7.6%","±3.1","77,526","±1,470","7,293","±3,357","9.4%","±4.4","501,793","±3,969","25,477","±3,290","5.1%","±0.7","81,024","±1,074","9,926","±3,155","12.3%","±3.9","44,271","±325","2,392","±1,324","5.4%","±3.0","177,215","±2,515","18,824","±3,330","10.6%","±2.0","122,335","±4,642","12,350","±3,948","10.1%","±3.2","94,124","±1,481","11,846","±2,002","12.6%","±2.1","51,633","±300","2,483","±989","4.8%","±1.9","87,479","±1,210","14,847","±3,166","17.0%","±3.6","107,680","±726","10,146","±2,555","9.4%","±2.4","25,674","±601","3,928","±912","15.3%","±3.6","62,921","±1,928","10,768","±3,026","17.1%","±4.7","100,465","±1,510","9,486","±2,292","9.4%","±2.2","52,275","±428","6,368","±1,929","12.2%","±3.7","49,354","±976","5,312","±1,777","10.8%","±3.6","57,186","±124","7,938","±2,467","13.9%","±4.3","167,963","±1,449","8,406","±2,405","5.0%","±1.4","662,407","±3,558","40,496","±5,307","6.1%","±0.8","57,116","±1,335","5,817","±1,790","10.2%","±3.1","55,565","±244","7,730","±1,870","13.9%","±3.4","34,295","±919","2,346","±1,007","6.8%","±3.0"
"    EDUCATIONAL ATTAINMENT","","","","","","","","","","","","","","","","","","","","","","","","","","","","","","","","","","","","","","","","","","","","","","","","","","","","","","","","","","","","","","","","","","","","","","","","","","","","","","","","","","","","","","","","","","","","","","","","","","","","","","","","","","","","","","","","","","","","","","","","","","","","","","","","","","","","","","","","","","","","","","","","","","","","","","","","","","","","","","","","","","","","","","","","","","","","","","","","","","","","","","","","","","","","","","","","","","","","","","","","","","","","","","","","","","","","","","","","","","","","","","","","","","","","","","","","","","","","","","","","","","","","","","","","","","","","","","","","","","","","","","","",""
"        Population 25 years and over","121,831","±2,027","13,794","±2,404","11.3%","±2.0","135,114","±1,036","9,775","±1,745","7.2%","±1.3","205,837","±1,528","22,623","±3,331","11.0%","±1.6","64,995","±266","7,295","±1,495","11.2%","±2.3","161,993","±1,484","13,441","±2,378","8.3%","±1.5","57,068","±927","7,658","±2,070","13.4%","±3.7","53,652","±485","4,498","±881","8.4%","±1.6","117,324","±991","14,997","±3,615","12.8%","±3.1","62,501","±1,383","5,047","±1,721","8.1%","±2.7","70,342","±814","10,743","±2,403","15.3%","±3.4","68,834","±1,790","6,678","±1,460","9.7%","±2.1","206,759","±749","28,795","±3,089","13.9%","±1.5","125,525","±1,502","11,856","±2,907","9.4%","±2.3","236,865","±410","19,754","±3,124","8.3%","±1.3","267,141","±601","31,106","±3,778","11.6%","±1.4","56,124","±1,075","7,826","±2,022","13.9%","±3.5","166,104","±655","19,380","±3,502","11.7%","±2.1","367,671","±974","37,642","±4,479","10.2%","±1.2","95,485","±888","12,416","±2,155","13.0%","±2.3","90,079","±953","6,779","±1,457","7.5%","±1.6","144,304","±1,174","13,316","±2,998","9.2%","±2.1","166,961","±1,022","11,927","±2,977","7.1%","±1.8","45,913","±791","5,504","±1,332","12.0%","±2.9","69,704","±928","5,918","±1,871","8.5%","±2.7","820,248","±316","68,768","±5,131","8.4%","±0.6","78,439","±716","7,859","±1,872","10.0%","±2.4","68,722","±1,388","6,354","±1,344","9.2%","±2.0","170,532","±1,574","13,807","±2,748","8.1%","±1.6","117,166","±1,481","11,767","±2,274","10.0%","±1.9","94,299","±727","7,932","±1,675","8.4%","±1.8","47,708","±1,267","4,389","±1,716","9.2%","±3.6","108,089","±1,036","14,939","±3,119","13.8%","±2.9","102,409","±907","12,054","±2,507","11.8%","±2.4","73,598","±902","15,327","±1,247","20.8%","±1.7","67,179","±1,161","10,695","±2,262","15.9%","±3.4","105,167","±1,023","13,620","±2,573","13.0%","±2.5","47,476","±689","5,723","±1,479","12.1%","±3.1","45,565","±665","4,628","±1,407","10.2%","±3.1","50,483","±946","8,445","±1,894","16.7%","±3.8","172,515","±1,093","11,590","±2,408","6.7%","±1.4","838,981","±621","57,564","±5,976","6.9%","±0.7","78,363","±1,122","12,967","±2,440","16.5%","±3.1","47,504","±538","7,061","±1,600","14.9%","±3.4","54,531","±1,247","7,093","±1,650","13.0%","±3.0"
"            Less than high school graduate","12,962","±1,919","3,075","±1,057","23.7%","±7.4","9,369","±2,040","2,262","±984","24.1%","±9.4","13,101","±2,501","5,340","±2,164","40.8%","±13.1","8,354","±1,488","1,942","±763","23.2%","±7.3","10,920","±2,336","1,954","±1,302","17.9%","±10.9","6,870","±1,871","1,834","±999","26.7%","±11.3","2,586","±747","293","±190","11.3%","±7.4","10,741","±2,035","2,308","±981","21.5%","±8.2","5,782","±1,630","1,278","±642","22.1%","±11.8","6,237","±1,593","1,216","±545","19.5%","±7.5","3,834","±1,196","1,097","±730","28.6%","±15.2","16,124","±1,958","5,879","±1,262","36.5%","±6.9","12,460","±2,214","3,224","±1,525","25.9%","±9.8","16,849","±2,486","3,785","±1,412","22.5%","±7.6","20,375","±2,677","5,588","±1,799","27.4%","±8.2","5,990","±1,941","2,267","±1,024","37.8%","±12.5","20,560","±3,330","5,667","±1,893","27.6%","±7.7","34,436","±3,790","7,641","±1,747","22.2%","±5.2","8,400","±1,852","2,633","±1,114","31.3%","±11.0","5,742","±1,445","1,128","±750","19.6%","±11.6","11,865","±2,476","2,931","±1,560","24.7%","±11.4","12,461","±2,028","2,584","±1,252","20.7%","±8.8","7,138","±1,680","2,371","±1,236","33.2%","±13.6","5,385","±1,424","1,341","±715","24.9%","±13.1","72,404","±6,024","18,094","±2,783","25.0%","±3.5","3,830","±1,125","1,531","±725","40.0%","±14.6","6,087","±1,562","806","±478","13.2%","±7.8","7,454","±1,926","1,605","±890","21.5%","±10.3","6,616","±1,737","962","±480","14.5%","±7.5","4,515","±1,167","1,359","±614","30.1%","±11.7","3,824","±1,231","955","±592","25.0%","±15.1","10,478","±1,704","2,659","±1,137","25.4%","±9.6","15,306","±2,351","3,338","±1,449","21.8%","±8.2","12,775","±1,190","4,830","±852","37.8%","±6.2","8,146","±2,104","2,183","±917","26.8%","±10.5","11,612","±2,203","4,277","±1,551","36.8%","±10.1","5,493","±1,300","1,541","±776","28.1%","±13.0","3,586","±980","814","±484","22.7%","±13.3","7,076","±1,471","2,952","±1,235","41.7%","±12.4","13,535","±2,361","3,302","±1,850","24.4%","±11.8","46,554","±5,737","12,109","±2,904","26.0%","±5.1","10,867","±1,577","4,641","±1,511","42.7%","±11.4","9,897","±1,648","1,824","±863","18.4%","±7.8","6,863","±1,279","1,640","±893","23.9%","±12.2"
"            High school graduate (includes equivalency)","31,533","±3,101","5,999","±1,751","19.0%","±5.2","31,631","±3,433","2,859","±787","9.0%","±2.5","44,066","±4,446","6,602","±1,579","15.0%","±3.5","20,624","±2,488","2,288","±775","11.1%","±3.7","40,002","±3,388","3,677","±1,308","9.2%","±3.2","19,746","±2,312","2,242","±1,020","11.4%","±5.2","11,652","±1,374","1,787","±726","15.3%","±5.7","34,309","±3,452","7,003","±2,438","20.4%","±6.3","11,825","±3,019","1,115","±615","9.4%","±5.1","22,050","±2,602","4,599","±1,542","20.9%","±6.7","19,357","±2,470","2,946","±908","15.2%","±4.3","57,220","±3,296","10,004","±1,546","17.5%","±2.7","42,502","±4,029","4,008","±1,384","9.4%","±3.3","35,871","±3,186","5,902","±1,813","16.5%","±4.9","63,277","±5,165","11,841","±2,499","18.7%","±3.6","17,378","±2,547","3,244","±1,356","18.7%","±7.0","46,898","±3,011","7,551","±1,674","16.1%","±3.6","84,773","±5,839","11,429","±2,609","13.5%","±2.9","25,367","±2,259","4,212","±1,345","16.6%","±4.9","23,250","±3,018","2,369","±857","10.2%","±3.5","36,493","±3,414","4,396","±1,395","12.0%","±3.9","44,972","±4,135","5,141","±1,440","11.4%","±3.1","12,661","±1,902","1,557","±698","12.3%","±5.7","17,566","±2,331","1,893","±927","10.8%","±5.2","138,304","±8,839","18,611","±3,175","13.5%","±2.3","17,694","±2,310","2,584","±843","14.6%","±4.6","24,702","±2,320","3,299","±1,161","13.4%","±4.6","30,123","±3,808","4,065","±1,142","13.5%","±3.6","35,164","±3,491","4,394","±1,368","12.5%","±3.5","12,419","±1,437","1,563","±873","12.6%","±6.4","13,456","±2,068","1,778","±914","13.2%","±6.7","26,869","±2,399","4,390","±1,270","16.3%","±4.7","37,627","±3,231","4,751","±1,392","12.6%","±3.5","27,963","±1,981","6,597","±865","23.6%","±3.0","24,523","±2,566","5,141","±1,618","21.0%","±5.8","32,239","±3,555","4,876","±1,323","15.1%","±3.9","12,834","±1,512","2,589","±1,086","20.2%","±7.5","16,608","±1,972","2,149","±718","12.9%","±4.0","14,554","±2,112","3,224","±1,175","22.2%","±6.9","38,407","±3,379","3,791","±1,420","9.9%","±3.3","117,390","±8,871","14,055","±3,049","12.0%","±2.5","20,649","±2,604","4,059","±1,331","19.7%","±5.7","15,731","±1,735","2,812","±884","17.9%","±5.3","16,654","±2,024","2,796","±923","16.8%","±5.2"
"            Some college, associate's degree","39,971","±3,783","2,806","±1,019","7.0%","±2.5","42,578","±3,372","3,273","±1,013","7.7%","±2.3","51,441","±3,617","5,293","±1,502","10.3%","±2.8","21,352","±2,394","2,311","±742","10.8%","±3.5","48,913","±4,659","4,463","±1,585","9.1%","±3.1","18,739","±2,064","3,330","±1,436","17.8%","±7.2","16,500","±1,896","1,475","±602","8.9%","±3.4","36,676","±2,869","3,006","±1,139","8.2%","±2.9","14,409","±2,332","1,583","±913","11.0%","±6.1","25,581","±3,039","3,509","±1,191","13.7%","±4.4","24,953","±2,337","1,452","±619","5.8%","±2.6","75,264","±3,149","10,124","±1,776","13.5%","±2.3","40,264","±3,278","3,711","±1,294","9.2%","±3.1","46,208","±3,553","3,657","±1,134","7.9%","±2.3","70,902","±5,114","8,102","±2,091","11.4%","±2.8","16,210","±2,128","1,824","±1,079","11.3%","±6.0","51,031","±3,221","4,904","±1,400","9.6%","±2.7","104,627","±6,561","12,189","±2,580","11.6%","±2.5","36,218","±2,960","4,753","±1,422","13.1%","±3.5","25,641","±3,252","1,704","±668","6.6%","±2.6","45,015","±3,434","4,126","±1,476","9.2%","±3.2","58,051","±3,702","3,293","±1,549","5.7%","±2.6","14,314","±1,790","1,009","±585","7.0%","±4.0","24,559","±2,619","1,930","±1,155","7.9%","±4.3","192,483","±8,005","18,157","±2,667","9.4%","±1.4","25,043","±2,512","2,805","±1,132","11.2%","±4.4","20,749","±2,363","1,343","±628","6.5%","±3.0","52,927","±4,114","4,784","±1,768","9.0%","±3.0","46,317","±3,889","4,635","±1,547","10.0%","±3.1","18,389","±1,969","2,026","±925","11.0%","±5.1","14,859","±1,634","1,193","±939","8.0%","±6.3","35,347","±2,951","4,569","±1,476","12.9%","±4.1","31,891","±2,945","3,306","±1,142","10.4%","±3.5","20,356","±1,611","3,177","±709","15.6%","±3.2","22,927","±2,521","2,846","±1,220","12.4%","±5.2","32,489","±3,439","3,655","±1,322","11.2%","±3.8","18,176","±1,873","1,500","±591","8.3%","±3.0","15,756","±1,497","1,387","±698","8.8%","±4.2","17,364","±2,183","1,761","±710","10.1%","±4.3","45,749","±3,703","2,552","±1,029","5.6%","±2.2","182,299","±8,760","13,807","±2,107","7.6%","±1.2","29,540","±2,590","3,472","±1,285","11.8%","±4.3","13,547","±1,918","1,763","±641","13.0%","±5.0","16,322","±2,492","2,016","±959","12.4%","±5.1"
"            Bachelor's degree or higher","37,365","±3,736","1,914","±585","5.1%","±1.6","51,536","±3,401","1,381","±683","2.7%","±1.3","97,229","±5,163","5,388","±1,634","5.5%","±1.6","14,665","±1,953","754","±371","5.1%","±2.6","62,158","±4,484","3,347","±1,611","5.4%","±2.5","11,713","±1,939","252","±220","2.2%","±1.8","22,914","±2,329","943","±369","4.1%","±1.6","35,598","±3,610","2,680","±1,130","7.5%","±3.2","30,485","±2,961","1,071","±749","3.5%","±2.5","16,474","±2,183","1,419","±769","8.6%","±4.5","20,690","±2,111","1,183","±542","5.7%","±2.6","58,151","±3,058","2,788","±737","4.8%","±1.3","30,299","±2,825","913","±494","3.0%","±1.7","137,937","±4,974","6,410","±1,774","4.6%","±1.3","112,587","±5,931","5,575","±1,631","5.0%","±1.4","16,546","±2,140","491","±371","3.0%","±2.3","47,615","±3,111","1,258","±513","2.6%","±1.1","143,835","±6,167","6,383","±2,169","4.4%","±1.5","25,500","±2,633","818","±502","3.2%","±2.0","35,446","±3,365","1,578","±764","4.5%","±2.1","50,931","±3,729","1,863","±826","3.7%","±1.6","51,477","±3,220","909","±517","1.8%","±1.0","11,800","±2,240","567","±387","4.8%","±3.2","22,194","±3,055","754","±563","3.4%","±2.5","417,057","±11,139","13,906","±2,438","3.3%","±0.6","31,872","±2,254","939","±524","2.9%","±1.6","17,184","±2,509","906","±555","5.3%","±3.3","80,028","±4,485","3,353","±1,166","4.2%","±1.5","29,069","±2,718","1,776","±878","6.1%","±2.9","58,976","±2,371","2,984","±860","5.1%","±1.4","15,569","±2,244","463","±397","3.0%","±2.5","35,395","±3,169","3,321","±1,293","9.4%","±3.6","17,585","±2,229","659","±462","3.7%","±2.7","12,504","±1,266","723","±288","5.8%","±2.2","11,583","±1,867","525","±338","4.5%","±2.7","28,827","±3,559","812","±593","2.8%","±2.1","10,973","±1,940","93","±109","0.8%","±1.0","9,615","±1,865","278","±232","2.9%","±2.4","11,489","±1,393","508","±340","4.4%","±2.9","74,824","±4,004","1,945","±854","2.6%","±1.1","492,738","±9,993","17,593","±2,677","3.6%","±0.5","17,307","±2,493","795","±780","4.6%","±4.5","8,329","±1,645","662","±523","7.9%","±6.2","14,692","±1,739","641","±563","4.4%","±3.7"
"    EMPLOYMENT STATUS","","","","","","","","","","","","","","","","","","","","","","","","","","","","","","","","","","","","","","","","","","","","","","","","","","","","","","","","","","","","","","","","","","","","","","","","","","","","","","","","","","","","","","","","","","","","","","","","","","","","","","","","","","","","","","","","","","","","","","","","","","","","","","","","","","","","","","","","","","","","","","","","","","","","","","","","","","","","","","","","","","","","","","","","","","","","","","","","","","","","","","","","","","","","","","","","","","","","","","","","","","","","","","","","","","","","","","","","","","","","","","","","","","","","","","","","","","","","","","","","","","","","","","","","","","","","","","","","","","","","","","","",""
"        Civilian labor force 16 years and over","92,447","±3,338","5,711","±1,553","6.2%","±1.7","73,149","±3,156","3,598","±937","4.9%","±1.3","138,682","±4,969","8,555","±2,723","6.2%","±1.9","42,913","±2,002","2,729","±764","6.4%","±1.8","130,688","±3,569","6,261","±2,004","4.8%","±1.5","39,738","±2,791","2,592","±1,276","6.5%","±3.3","32,255","±1,538","1,620","±631","5.0%","±1.9","79,151","±3,674","4,215","±1,757","5.3%","±2.3","39,631","±2,705","1,943","±1,198","4.9%","±3.0","45,835","±2,554","4,168","±1,365","9.1%","±2.9","46,248","±2,136","5,210","±1,932","11.3%","±4.1","132,527","±3,668","13,211","±2,061","10.0%","±1.5","88,057","±3,516","5,034","±1,601","5.7%","±1.8","190,497","±4,446","10,431","±2,602","5.5%","±1.4","201,239","±5,137","15,019","±3,348","7.5%","±1.6","39,302","±2,101","3,024","±1,428","7.7%","±3.6","124,509","±3,205","9,709","±2,874","7.8%","±2.3","281,715","±6,108","19,810","±3,826","7.0%","±1.4","65,102","±2,637","5,654","±1,775","8.7%","±2.7","58,816","±2,009","2,742","±1,054","4.7%","±1.8","107,066","±3,155","6,671","±2,245","6.2%","±2.1","135,911","±3,106","6,601","±2,457","4.9%","±1.8","34,746","±2,135","3,172","±1,392","9.1%","±3.9","49,848","±2,703","2,052","±1,102","4.1%","±2.2","703,940","±8,457","41,083","±4,115","5.8%","±0.6","46,834","±2,681","2,424","±994","5.2%","±2.1","49,910","±2,041","3,266","±1,396","6.5%","±2.8","135,651","±3,849","9,906","±1,984","7.3%","±1.5","74,057","±3,809","6,214","±1,862","8.4%","±2.4","76,468","±2,680","5,953","±1,505","7.8%","±1.9","33,339","±2,414","1,461","±1,096","4.4%","±3.3","91,710","±3,180","14,297","±2,579","15.6%","±2.7","72,782","±2,607","4,572","±1,780","6.3%","±2.4","45,834","±1,467","4,022","±803","8.8%","±1.7","42,328","±2,563","3,582","±1,323","8.5%","±3.1","73,228","±3,147","5,740","±1,890","7.8%","±2.6","30,756","±1,414","2,920","±1,459","9.5%","±4.8","32,189","±1,602","2,670","±1,109","8.3%","±3.6","34,297","±1,846","3,218","±1,384","9.4%","±3.9","142,296","±3,553","5,699","±1,608","4.0%","±1.1","690,982","±8,356","33,993","±4,694","4.9%","±0.7","53,581","±3,342","6,471","±1,719","12.1%","±3.2","29,706","±1,731","1,627","±630","5.5%","±2.1","39,198","±1,971","3,040","±1,230","7.8%","±3.1"
"            Employed","88,834","±3,877","5,015","±1,486","5.6%","±1.7","71,152","±3,139","3,421","±942","4.8%","±1.3","132,286","±4,874","7,326","±2,451","5.5%","±1.8","40,782","±2,018","2,235","±756","5.5%","±1.8","125,334","±3,886","5,927","±1,961","4.7%","±1.5","36,674","±2,732","2,416","±1,231","6.6%","±3.5","31,058","±1,491","1,333","±607","4.3%","±1.9","77,759","±3,715","3,884","±1,719","5.0%","±2.3","39,084","±2,646","1,937","±1,198","5.0%","±3.1","42,745","±2,582","3,017","±1,044","7.1%","±2.4","44,616","±2,363","4,337","±1,887","9.7%","±4.1","124,219","±3,809","10,245","±1,784","8.2%","±1.4","84,707","±3,466","3,827","±1,489","4.5%","±1.7","184,469","±4,760","8,906","±2,290","4.8%","±1.3","194,425","±5,395","12,130","±2,722","6.2%","±1.4","38,709","±2,120","2,988","±1,412","7.7%","±3.6","118,086","±3,558","6,941","±1,879","5.9%","±1.6","272,046","±6,340","16,194","±3,605","6.0%","±1.3","61,287","±2,657","4,004","±1,206","6.5%","±2.0","57,326","±2,113","2,129","±898","3.7%","±1.6","104,637","±3,189","5,874","±2,132","5.6%","±2.0","131,099","±3,444","5,122","±1,919","3.9%","±1.5","33,523","±2,026","2,693","±1,228","8.0%","±3.6","48,601","±2,595","1,859","±1,066","3.8%","±2.2","677,802","±8,562","34,258","±3,545","5.1%","±0.5","45,083","±2,724","2,001","±893","4.4%","±2.0","46,901","±2,579","2,671","±1,206","5.7%","±2.6","132,300","±3,796","8,972","±1,963","6.8%","±1.5","69,938","±3,935","5,377","±1,833","7.7%","±2.5","74,741","±2,827","5,697","±1,455","7.6%","±1.9","32,840","±2,345","1,425","±1,092","4.3%","±3.3","85,999","±3,618","11,472","±2,612","13.3%","±2.8","70,457","±2,764","3,469","±1,528","4.9%","±2.2","44,075","±1,547","3,417","±836","7.8%","±1.8","40,614","±2,629","2,850","±1,286","7.0%","±3.1","71,057","±3,184","4,936","±1,882","6.9%","±2.6","28,490","±2,236","2,084","±903","7.3%","±3.2","30,799","±1,628","2,175","±1,111","7.1%","±3.7","33,223","±1,717","3,013","±1,257","9.1%","±3.7","136,927","±3,477","5,143","±1,572","3.8%","±1.1","665,381","±8,723","28,905","±4,394","4.3%","±0.7","51,473","±3,438","5,779","±1,679","11.2%","±3.3","28,527","±1,920","1,222","±499","4.3%","±1.8","37,009","±2,149","2,428","±943","6.6%","±2.6"
"                Male","45,894","±2,887","1,681","±787","3.7%","±1.7","36,390","±1,874","864","±460","2.4%","±1.3","68,581","±3,221","4,022","±1,748","5.9%","±2.5","21,484","±1,466","482","±271","2.2%","±1.3","66,563","±2,436","2,397","±1,116","3.6%","±1.6","18,877","±1,723","305","±317","1.6%","±1.7","16,251","±1,202","697","±454","4.3%","±2.8","41,104","±2,598","1,482","±936","3.6%","±2.3","20,678","±1,975","608","±566","2.9%","±2.8","22,374","±2,058","1,218","±563","5.4%","±2.5","22,613","±1,524","1,979","±1,121","8.8%","±4.8","57,397","±2,550","3,777","±920","6.6%","±1.6","43,642","±2,201","2,077","±966","4.8%","±2.2","91,063","±2,973","3,404","±1,358","3.7%","±1.5","101,589","±3,694","5,670","±1,685","5.6%","±1.6","19,621","±1,538","1,386","±832","7.1%","±4.2","60,064","±2,253","2,967","±1,160","4.9%","±1.9","135,933","±3,874","9,620","±2,845","7.1%","±2.1","30,237","±1,889","2,070","±885","6.8%","±2.9","31,635","±1,625","950","±640","3.0%","±2.1","56,477","±2,361","2,118","±1,039","3.8%","±1.8","69,060","±2,106","2,410","±1,185","3.5%","±1.7","18,446","±1,620","954","±735","5.2%","±4.0","25,860","±1,882","920","±685","3.6%","±2.6","345,078","±5,148","14,661","±2,323","4.2%","±0.7","21,221","±1,844","1,151","±646","5.4%","±3.0","22,633","±1,761","993","±589","4.4%","±2.6","65,532","±2,237","4,033","±1,252","6.2%","±1.9","34,293","±3,028","1,555","±975","4.5%","±2.8","38,107","±1,800","2,937","±914","7.7%","±2.5","17,758","±1,645","959","±941","5.4%","±5.1","40,686","±1,919","3,400","±1,476","8.4%","±3.5","38,354","±1,897","1,494","±764","3.9%","±2.0","22,468","±1,089","1,507","±583","6.7%","±2.5","21,446","±1,590","1,658","±884","7.7%","±4.0","36,389","±1,967","1,559","±833","4.3%","±2.3","14,303","±1,375","623","±445","4.4%","±3.1","16,324","±1,026","1,043","±653","6.4%","±4.0","17,464","±1,325","1,788","±1,029","10.2%","±5.9","72,780","±2,327","3,255","±1,397","4.5%","±1.9","348,318","±5,715","13,512","±2,838","3.9%","±0.8","26,963","±2,273","3,211","±1,275","11.9%","±4.7","15,938","±1,091","592","±455","3.7%","±2.9","18,474","±1,776","773","±536","4.2%","±2.9"
"                Female","42,940","±2,224","3,334","±1,375","7.8%","±3.2","34,762","±2,504","2,557","±712","7.4%","±2.1","63,705","±3,448","3,304","±1,208","5.2%","±1.8","19,298","±1,721","1,753","±776","9.1%","±3.9","58,771","±2,975","3,530","±1,268","6.0%","±2.1","17,797","±1,907","2,111","±1,159","11.9%","±6.7","14,807","±1,023","636","±355","4.3%","±2.4","36,655","±2,376","2,402","±1,383","6.6%","±3.7","18,406","±1,684","1,329","±862","7.2%","±4.6","20,371","±1,511","1,799","±862","8.8%","±4.2","22,003","±1,546","2,358","±1,209","10.7%","±5.4","66,822","±2,391","6,468","±1,287","9.7%","±1.8","41,065","±2,571","1,750","±825","4.3%","±2.0","93,406","±3,929","5,502","±1,721","5.9%","±1.8","92,836","±3,645","6,460","±1,855","7.0%","±2.0","19,088","±1,411","1,602","±813","8.4%","±4.2","58,022","±2,725","3,974","±1,222","6.8%","±2.1","136,113","±4,529","6,574","±1,734","4.8%","±1.3","31,050","±2,101","1,934","±776","6.2%","±2.5","25,691","±1,889","1,179","±747","4.6%","±2.9","48,160","±2,401","3,756","±1,715","7.8%","±3.5","62,039","±2,640","2,712","±1,148","4.4%","±1.9","15,077","±1,350","1,739","±980","11.5%","±6.1","22,741","±1,906","939","±731","4.1%","±3.2","332,724","±6,334","19,597","±2,901","5.9%","±0.9","23,862","±1,531","850","±617","3.6%","±2.6","24,268","±1,894","1,678","±824","6.9%","±3.4","66,768","±2,722","4,939","±1,513","7.4%","±2.3","35,645","±2,374","3,822","±1,564","10.7%","±4.2","36,634","±2,035","2,760","±1,015","7.5%","±2.6","15,082","±1,493","466","±421","3.1%","±2.8","45,313","±2,591","8,072","±1,999","17.8%","±4.1","32,103","±2,046","1,975","±1,155","6.2%","±3.5","21,607","±1,046","1,910","±519","8.8%","±2.4","19,168","±1,889","1,192","±630","6.2%","±3.2","34,668","±2,305","3,377","±1,541","9.7%","±4.4","14,187","±1,299","1,461","±758","10.3%","±5.4","14,475","±1,119","1,132","±604","7.8%","±4.3","15,759","±1,178","1,225","±655","7.8%","±4.1","64,147","±2,413","1,888","±961","2.9%","±1.5","317,063","±6,450","15,393","±3,041","4.9%","±1.0","24,510","±2,103","2,568","±1,012","10.5%","±4.0","12,589","±1,354","630","±349","5.0%","±2.8","18,535","±1,726","1,655","±778","8.9%","±3.9"
"            Unemployed","3,613","±1,271","696","±413","19.3%","±12.1","1,997","±947","177","±173","8.9%","±9.3","6,396","±1,672","1,229","±659","19.2%","±11.0","2,131","±779","494","±298","23.2%","±14.1","5,354","±1,667","334","±281","6.2%","±5.5","3,064","±1,285","176","±242","5.7%","±8.0","1,197","±553","287","±273","24.0%","±21.4","1,392","±646","331","±265","23.8%","±17.9","547","±420","6","±2","1.1%","±1.0","3,090","±1,155","1,151","±738","37.2%","±19.5","1,632","±924","873","±798","53.5%","±31.8","8,308","±1,410","2,966","±792","35.7%","±8.8","3,350","±1,256","1,207","±1,069","36.0%","±22.7","6,028","±1,470","1,525","±775","25.3%","±12.5","6,814","±1,873","2,889","±1,463","42.4%","±16.0","593","±424","36","±61","6.1%","±10.6","6,423","±1,922","2,768","±1,495","43.1%","±16.3","9,669","±2,335","3,616","±1,504","37.4%","±10.6","3,815","±1,296","1,650","±1,135","43.3%","±20.4","1,490","±666","613","±512","41.1%","±26.1","2,429","±971","797","±571","32.8%","±16.4","4,812","±1,533","1,479","±1,264","30.7%","±20.6","1,223","±680","479","±476","39.2%","±33.5","1,247","±721","193","±239","15.5%","±19.7","26,138","±3,727","6,825","±2,147","26.1%","±7.1","1,751","±770","423","±328","24.2%","±17.2","3,009","±1,423","595","±622","19.8%","±20.4","3,351","±1,364","934","±587","27.9%","±15.7","4,119","±1,476","837","±582","20.3%","±12.6","1,727","±666","256","±254","14.8%","±14.6","499","±446","36","±61","7.2%","±14.5","5,711","±1,348","2,825","±1,070","49.5%","±16.0","2,325","±982","1,103","±716","47.4%","±21.6","1,759","±568","605","±293","34.4%","±14.5","1,714","±748","732","±469","42.7%","±23.9","2,171","±781","804","±552","37.0%","±20.5","2,266","±1,420","836","±949","36.9%","±32.9","1,390","±694","495","±458","35.6%","±25.3","1,074","±594","205","±255","19.1%","±21.8","5,369","±1,280","556","±388","10.4%","±7.3","25,601","±3,125","5,088","±1,651","19.9%","±5.4","2,108","±882","692","±477","32.8%","±21.0","1,179","±646","405","±450","34.4%","±31.6","2,189","±1,013","612","±561","28.0%","±20.7"
"                Male","1,750","±976","181","±206","10.3%","±12.1","745","±511","177","±173","23.8%","±26.7","3,581","±1,376","433","±468","12.1%","±13.7","1,082","±442","179","±189","16.5%","±18.2","2,173","±1,003","113","±147","5.2%","±7.0","2,150","±966","0","±226","0.0%","±9.4","634","±421","139","±171","21.9%","±24.2","907","±569","99","±95","10.9%","±9.8","423","±346","0","±226","0.0%","±36.8","1,053","±471","184","±202","17.5%","±17.8","766","±534","371","±366","48.4%","±36.3","3,448","±928","1,129","±456","32.7%","±11.0","2,277","±1,234","1,018","±1,049","44.7%","±29.2","2,928","±1,030","598","±389","20.4%","±13.9","2,515","±941","1,039","±834","41.3%","±24.2","497","±396","36","±61","7.2%","±13.2","2,425","±1,272","1,197","±1,104","49.4%","±27.0","5,741","±1,812","1,316","±977","22.9%","±13.9","2,423","±1,055","809","±724","33.4%","±23.1","556","±400","138","±166","24.8%","±31.1","1,353","±686","309","±275","22.8%","±18.9","1,954","±988","555","±583","28.4%","±24.3","774","±641","479","±476","61.9%","±47.4","727","±400","98","±164","13.5%","±22.7","12,205","±2,320","2,235","±1,022","18.3%","±8.2","1,010","±591","235","±210","23.3%","±23.1","1,427","±1,047","94","±147","6.6%","±11.6","1,783","±961","382","±353","21.4%","±17.7","1,450","±912","286","±342","19.7%","±20.2","1,148","±530","11","±19","1.0%","±1.6","34","±58","0","±226","0.0%","±100.0","3,662","±1,249","1,882","±959","51.4%","±18.9","1,404","±772","898","±638","64.0%","±27.6","1,054","±437","219","±169","20.8%","±17.0","846","±614","307","±291","36.3%","±34.5","1,292","±716","459","±487","35.5%","±29.4","897","±712","248","±325","27.6%","±34.1","503","±380","141","±207","28.0%","±35.4","574","±383","108","±178","18.8%","±28.3","3,706","±1,152","490","±407","13.2%","±10.7","13,627","±2,252","2,923","±1,315","21.5%","±7.6","1,218","±719","225","±305","18.5%","±24.4","697","±531","313","±367","44.9%","±37.1","1,497","±788","286","±248","19.1%","±16.3"
"                Female","1,863","±763","515","±399","27.6%","±20.4","1,252","±829","0","±226","0.0%","±15.6","2,815","±848","796","±458","28.3%","±14.5","1,049","±590","315","±239","30.0%","±24.2","3,181","±1,172","221","±199","6.9%","±6.5","914","±636","176","±242","19.3%","±23.5","563","±374","148","±209","26.3%","±31.4","485","±329","232","±239","47.8%","±32.3","124","±212","6","±2","4.8%","±18.7","2,037","±1,086","967","±724","47.5%","±28.7","866","±710","502","±601","58.0%","±40.0","4,860","±1,013","1,837","±602","37.8%","±11.3","1,073","±450","189","±160","17.6%","±14.1","3,100","±1,202","927","±678","29.9%","±19.1","4,299","±1,640","1,850","±1,208","43.0%","±20.5","96","±129","0","±226","0.0%","±77.4","3,998","±1,305","1,571","±830","39.3%","±17.4","3,928","±1,243","2,300","±964","58.6%","±14.5","1,392","±640","841","±567","60.4%","±22.0","934","±526","475","±499","50.9%","±36.0","1,076","±662","488","±595","45.4%","±34.9","2,858","±1,404","924","±1,142","32.3%","±29.5","449","±363","0","±226","0.0%","±35.5","520","±481","95","±168","18.3%","±28.6","13,933","±2,690","4,590","±1,698","32.9%","±9.7","741","±443","188","±216","25.4%","±24.1","1,582","±1,095","501","±508","31.7%","±35.2","1,568","±840","552","±426","35.2%","±25.7","2,669","±1,021","551","±459","20.6%","±15.3","579","±335","245","±255","42.3%","±33.7","465","±454","36","±61","7.7%","±16.3","2,049","±749","943","±442","46.0%","±20.4","921","±554","205","±211","22.3%","±22.5","705","±301","386","±226","54.8%","±23.9","868","±487","425","±344","49.0%","±29.7","879","±371","345","±273","39.2%","±25.7","1,369","±832","588","±650","43.0%","±33.7","887","±587","354","±415","39.9%","±35.1","500","±407","97","±199","19.4%","±36.1","1,663","±698","66","±134","4.0%","±8.4","11,974","±2,428","2,165","±1,036","18.1%","±7.5","890","±597","467","±358","52.5%","±27.7","482","±359","92","±139","19.1%","±34.4","692","±560","326","±467","47.1%","±41.4"
"    WORK EXPERIENCE","","","","","","","","","","","","","","","","","","","","","","","","","","","","","","","","","","","","","","","","","","","","","","","","","","","","","","","","","","","","","","","","","","","","","","","","","","","","","","","","","","","","","","","","","","","","","","","","","","","","","","","","","","","","","","","","","","","","","","","","","","","","","","","","","","","","","","","","","","","","","","","","","","","","","","","","","","","","","","","","","","","","","","","","","","","","","","","","","","","","","","","","","","","","","","","","","","","","","","","","","","","","","","","","","","","","","","","","","","","","","","","","","","","","","","","","","","","","","","","","","","","","","","","","","","","","","","","","","","","","","","","",""
"        Population 16 years and over","142,761","±1,028","19,347","±3,182","13.6%","±2.2","146,795","±1,022","10,853","±1,899","7.4%","±1.3","230,842","±1,285","27,619","±4,739","12.0%","±2.0","72,210","±446","8,023","±1,631","11.1%","±2.3","189,110","±1,393","15,786","±2,924","8.3%","±1.5","67,296","±1,177","9,004","±2,527","13.4%","±3.8","59,705","±679","5,009","±946","8.4%","±1.6","133,722","±906","17,833","±4,494","13.3%","±3.4","70,502","±1,192","6,109","±2,002","8.7%","±2.9","80,610","±861","12,560","±2,908","15.6%","±3.6","80,353","±1,042","9,923","±2,371","12.3%","±3.0","246,480","±982","36,610","±3,631","14.9%","±1.5","144,570","±1,055","14,219","±3,246","9.8%","±2.2","271,905","±1,361","27,083","±3,986","10.0%","±1.5","308,368","±1,726","38,116","±4,428","12.4%","±1.4","63,390","±518","8,671","±2,139","13.7%","±3.4","191,012","±918","21,546","±3,679","11.3%","±1.9","427,389","±1,733","50,210","±5,860","11.7%","±1.4","111,009","±777","15,022","±2,763","13.5%","±2.5","100,610","±1,051","8,258","±1,828","8.2%","±1.8","166,061","±815","15,988","±3,367","9.6%","±2.0","195,513","±955","13,848","±3,478","7.1%","±1.8","54,236","±995","6,518","±1,507","12.0%","±2.8","79,535","±704","7,127","±2,293","9.0%","±2.9","951,823","±2,036","91,249","±6,187","9.6%","±0.6","86,455","±640","9,061","±2,092","10.5%","±2.4","78,188","±559","7,029","±1,602","9.0%","±2.1","201,778","±819","22,369","±3,484","11.1%","±1.7","144,497","±1,678","14,793","±2,756","10.2%","±1.9","116,941","±573","16,028","±2,301","13.7%","±2.0","55,196","±904","5,091","±1,990","9.2%","±3.6","141,717","±1,131","27,746","±4,104","19.6%","±2.9","118,891","±976","13,841","±3,014","11.6%","±2.5","88,465","±554","19,114","±1,556","21.6%","±1.7","76,032","±778","12,474","±2,506","16.4%","±3.3","120,704","±1,178","15,725","±2,884","13.0%","±2.4","53,103","±618","7,062","±1,936","13.3%","±3.6","53,354","±478","6,953","±2,313","13.0%","±4.3","57,809","±973","9,643","±2,275","16.7%","±3.9","204,057","±1,047","13,024","±2,719","6.4%","±1.3","973,186","±2,192","79,648","±7,996","8.2%","±0.8","93,008","±619","15,709","±2,811","16.9%","±3.1","54,220","±360","8,018","±1,709","14.8%","±3.1","63,226","±692","9,106","±2,163","14.4%","±3.4"
"            Worked full-time, year-round in the past 12 months","65,428","±3,661","1,214","±573","1.9%","±0.8","49,902","±2,672","867","±544","1.7%","±1.1","89,358","±4,635","4,359","±2,019","4.9%","±2.2","30,630","±1,923","1,142","±640","3.7%","±2.0","95,406","±3,763","2,079","±970","2.2%","±1.0","26,494","±2,792","208","±273","0.8%","±1.0","22,449","±1,802","718","±431","3.2%","±1.9","58,785","±3,508","876","±816","1.5%","±1.4","30,732","±2,592","754","±798","2.5%","±2.6","31,340","±2,596","1,005","±672","3.2%","±2.1","32,277","±2,522","855","±755","2.6%","±2.3","110,107","±3,375","4,090","±924","3.7%","±0.8","65,025","±3,070","1,143","±639","1.8%","±1.0","134,432","±4,988","2,316","±1,032","1.7%","±0.8","141,006","±5,514","4,877","±1,852","3.5%","±1.3","27,008","±2,224","854","±476","3.2%","±1.8","88,125","±3,711","2,614","±921","3.0%","±1.1","193,672","±5,939","5,279","±1,542","2.7%","±0.8","50,684","±2,690","1,053","±624","2.1%","±1.2","40,190","±2,419","843","±711","2.1%","±1.7","79,109","±3,507","2,684","±1,552","3.4%","±2.0","101,891","±4,062","2,840","±1,347","2.8%","±1.3","23,905","±2,246","408","±411","1.7%","±1.7","34,586","±2,739","635","±614","1.8%","±1.8","518,014","±9,113","11,061","±2,168","2.1%","±0.4","36,802","±2,566","549","±270","1.5%","±0.7","37,586","±2,526","829","±501","2.2%","±1.4","90,835","±4,251","2,626","±1,340","2.9%","±1.5","70,681","±3,439","2,498","±1,180","3.5%","±1.7","50,272","±2,493","1,232","±768","2.5%","±1.5","22,977","±2,319","218","±195","0.9%","±0.9","62,872","±3,437","2,724","±1,410","4.3%","±2.2","52,388","±2,440","1,329","±821","2.5%","±1.6","34,407","±1,710","1,377","±456","4.0%","±1.3","30,512","±2,801","1,367","±806","4.5%","±2.6","51,334","±3,265","1,547","±887","3.0%","±1.7","21,407","±1,977","1,243","±817","5.8%","±3.9","23,855","±1,593","1,037","±778","4.3%","±3.3","22,050","±2,067","816","±612","3.7%","±2.7","100,826","±3,690","2,573","±1,264","2.6%","±1.2","515,070","±9,886","9,267","±2,849","1.8%","±0.5","39,837","±2,850","2,162","±923","5.4%","±2.4","21,916","±2,250","260","±213","1.2%","±1.0","27,135","±1,812","911","±572","3.4%","±2.1"
"            Worked part-time or part-year in the past 12 months","30,027","±2,927","4,249","±1,402","14.2%","±4.5","28,347","±3,302","3,258","±1,053","11.5%","±3.6","59,052","±4,637","6,491","±2,211","11.0%","±3.6","13,414","±1,546","1,602","±722","11.9%","±5.1","38,215","±3,650","4,498","±1,623","11.8%","±4.1","12,315","±2,027","2,363","±1,242","19.2%","±9.7","11,985","±1,714","1,124","±535","9.4%","±4.1","24,382","±3,427","3,792","±1,520","15.6%","±6.3","11,132","±1,849","1,582","±1,005","14.2%","±8.2","15,711","±2,250","2,267","±912","14.4%","±5.6","17,702","±2,514","4,103","±1,892","23.2%","±9.7","45,819","±3,303","10,163","±1,793","22.2%","±3.3","24,816","±2,767","3,785","±1,300","15.3%","±4.7","67,393","±4,698","9,147","±2,451","13.6%","±3.3","68,869","±4,743","10,776","±2,435","15.6%","±3.2","13,430","±2,204","2,340","±1,312","17.4%","±8.2","39,377","±3,338","6,373","±2,176","16.2%","±4.8","99,690","±6,256","16,072","±3,088","16.1%","±2.9","20,312","±2,375","4,834","±1,574","23.8%","±7.3","21,949","±2,362","1,702","±648","7.8%","±2.7","31,919","±3,714","4,749","±1,582","14.9%","±4.6","36,428","±3,415","3,031","±1,519","8.3%","±4.0","13,312","±2,203","2,964","±1,328","22.3%","±8.6","17,663","±2,431","1,664","±899","9.4%","±4.9","202,025","±8,220","28,809","±3,323","14.3%","±1.6","15,428","±2,096","1,835","±945","11.9%","±5.9","14,655","±2,504","2,275","±1,202","15.5%","±7.6","54,744","±4,290","11,064","±2,420","20.2%","±4.2","26,773","±2,854","4,264","±1,602","15.9%","±5.3","32,019","±2,055","7,298","±1,600","22.8%","±5.0","14,269","±2,041","1,682","±1,086","11.8%","±7.3","31,896","±3,655","11,599","±2,653","36.4%","±6.9","22,038","±2,701","3,055","±1,391","13.9%","±5.7","13,824","±1,506","2,983","±679","21.6%","±4.1","14,272","±2,400","2,586","±1,277","18.1%","±8.2","25,560","±3,011","4,488","±1,945","17.6%","±6.9","9,909","±1,813","1,322","±694","13.3%","±7.0","9,562","±1,235","2,271","±1,017","23.8%","±9.7","13,803","±2,035","2,498","±1,171","18.1%","±7.7","45,692","±3,291","3,661","±1,357","8.0%","±2.8","202,302","±9,212","27,834","±4,069","13.8%","±1.9","20,705","±2,463","5,166","±1,598","25.0%","±7.3","8,451","±1,825","1,236","±522","14.6%","±5.7","12,699","±1,761","1,763","±813","13.9%","±6.4"
"            Did not work","47,306","±3,561","13,884","±2,693","29.3%","±4.7","68,546","±3,875","6,728","±1,537","9.8%","±2.1","82,432","±4,314","16,769","±3,055","20.3%","±3.4","28,166","±1,910","5,279","±1,418","18.7%","±4.5","55,489","±3,596","9,209","±2,318","16.6%","±3.9","28,487","±2,521","6,433","±1,709","22.6%","±5.3","25,271","±1,607","3,167","±797","12.5%","±2.9","50,555","±3,641","13,165","±3,338","26.0%","±5.5","28,638","±2,356","3,773","±1,216","13.2%","±4.1","33,559","±3,104","9,288","±2,858","27.7%","±6.8","30,374","±1,997","4,965","±1,651","16.3%","±4.8","90,554","±3,499","22,357","±2,825","24.7%","±2.8","54,729","±3,395","9,291","±2,244","17.0%","±4.0","70,080","±4,134","15,620","±2,674","22.3%","±3.2","98,493","±4,230","22,463","±3,411","22.8%","±3.2","22,952","±2,167","5,477","±1,233","23.9%","±5.3","63,510","±3,409","12,559","±2,218","19.8%","±3.2","134,027","±6,512","28,859","±3,466","21.5%","±2.4","40,013","±2,681","9,135","±1,848","22.8%","±4.0","38,471","±2,098","5,713","±1,482","14.9%","±3.6","55,033","±3,262","8,555","±2,147","15.5%","±3.6","57,194","±3,306","7,977","±2,329","13.9%","±3.7","17,019","±1,950","3,146","±914","18.5%","±5.0","27,286","±2,595","4,828","±1,641","17.7%","±5.9","231,784","±8,253","51,379","±4,512","22.2%","±1.7","34,225","±2,643","6,677","±1,823","19.5%","±4.7","25,947","±2,016","3,925","±931","15.1%","±3.4","56,199","±3,321","8,679","±2,121","15.4%","±3.5","47,043","±3,146","8,031","±1,770","17.1%","±3.6","34,650","±2,271","7,498","±1,525","21.6%","±3.6","17,950","±1,963","3,191","±1,156","17.8%","±5.8","46,949","±3,433","13,423","±3,569","28.6%","±6.5","44,465","±2,696","9,457","±2,275","21.3%","±4.6","40,234","±1,513","14,754","±1,354","36.7%","±2.9","31,248","±2,626","8,521","±1,951","27.3%","±5.7","43,810","±3,461","9,690","±2,411","22.1%","±4.8","21,787","±2,081","4,497","±1,355","20.6%","±5.6","19,937","±1,651","3,645","±1,383","18.3%","±6.4","21,956","±1,727","6,329","±1,623","28.8%","±6.5","57,539","±3,639","6,790","±1,589","11.8%","±2.6","255,814","±7,998","42,547","±5,503","16.6%","±2.0","32,466","±2,921","8,381","±1,981","25.8%","±5.1","23,853","±1,874","6,522","±1,623","27.3%","±6.2","23,392","±2,355","6,432","±1,781","27.5%","±6.1"
"    ALL INDIVIDUALS WITH INCOME BELOW THE FOLLOWING POVERTY RATIOS","","","","","","","","","","","","","","","","","","","","","","","","","","","","","","","","","","","","","","","","","","","","","","","","","","","","","","","","","","","","","","","","","","","","","","","","","","","","","","","","","","","","","","","","","","","","","","","","","","","","","","","","","","","","","","","","","","","","","","","","","","","","","","","","","","","","","","","","","","","","","","","","","","","","","","","","","","","","","","","","","","","","","","","","","","","","","","","","","","","","","","","","","","","","","","","","","","","","","","","","","","","","","","","","","","","","","","","","","","","","","","","","","","","","","","","","","","","","","","","","","","","","","","","","","","","","","","","","","","","","","","","",""
"        50 percent of poverty level","10,458","±2,713","(X)","(X)","(X)","(X)","7,279","±2,177","(X)","(X)","(X)","(X)","17,234","±4,741","(X)","(X)","(X)","(X)","5,337","±1,683","(X)","(X)","(X)","(X)","12,291","±3,520","(X)","(X)","(X)","(X)","6,397","±2,769","(X)","(X)","(X)","(X)","2,995","±1,185","(X)","(X)","(X)","(X)","12,634","±4,561","(X)","(X)","(X)","(X)","3,149","±1,750","(X)","(X)","(X)","(X)","8,630","±2,858","(X)","(X)","(X)","(X)","6,128","±2,325","(X)","(X)","(X)","(X)","25,440","±4,564","(X)","(X)","(X)","(X)","6,810","±2,454","(X)","(X)","(X)","(X)","15,994","±3,081","(X)","(X)","(X)","(X)","26,326","±5,423","(X)","(X)","(X)","(X)","4,342","±1,509","(X)","(X)","(X)","(X)","13,414","±3,968","(X)","(X)","(X)","(X)","34,031","±6,489","(X)","(X)","(X)","(X)","10,624","±3,332","(X)","(X)","(X)","(X)","4,467","±1,838","(X)","(X)","(X)","(X)","10,251","±3,028","(X)","(X)","(X)","(X)","9,897","±4,758","(X)","(X)","(X)","(X)","5,853","±2,096","(X)","(X)","(X)","(X)","3,361","±1,826","(X)","(X)","(X)","(X)","74,673","±7,673","(X)","(X)","(X)","(X)","7,647","±2,586","(X)","(X)","(X)","(X)","3,150","±1,160","(X)","(X)","(X)","(X)","13,357","±3,044","(X)","(X)","(X)","(X)","8,288","±2,299","(X)","(X)","(X)","(X)","11,339","±2,155","(X)","(X)","(X)","(X)","1,993","±835","(X)","(X)","(X)","(X)","20,710","±4,605","(X)","(X)","(X)","(X)","6,854","±2,200","(X)","(X)","(X)","(X)","12,698","±2,239","(X)","(X)","(X)","(X)","8,560","±2,810","(X)","(X)","(X)","(X)","12,435","±2,911","(X)","(X)","(X)","(X)","3,612","±1,533","(X)","(X)","(X)","(X)","3,133","±1,349","(X)","(X)","(X)","(X)","5,135","±1,755","(X)","(X)","(X)","(X)","8,261","±3,675","(X)","(X)","(X)","(X)","62,738","±9,171","(X)","(X)","(X)","(X)","10,174","±3,036","(X)","(X)","(X)","(X)","4,907","±1,674","(X)","(X)","(X)","(X)","7,812","±3,212","(X)","(X)","(X)","(X)"
"        125 percent of poverty level","36,813","±6,553","(X)","(X)","(X)","(X)","17,975","±3,355","(X)","(X)","(X)","(X)","45,961","±7,283","(X)","(X)","(X)","(X)","16,653","±2,935","(X)","(X)","(X)","(X)","30,564","±5,221","(X)","(X)","(X)","(X)","14,449","±3,933","(X)","(X)","(X)","(X)","8,760","±1,932","(X)","(X)","(X)","(X)","31,789","±6,700","(X)","(X)","(X)","(X)","10,405","±2,897","(X)","(X)","(X)","(X)","19,106","±3,824","(X)","(X)","(X)","(X)","16,909","±3,669","(X)","(X)","(X)","(X)","67,111","±5,810","(X)","(X)","(X)","(X)","23,798","±4,561","(X)","(X)","(X)","(X)","45,159","±7,823","(X)","(X)","(X)","(X)","68,632","±8,183","(X)","(X)","(X)","(X)","14,540","±3,530","(X)","(X)","(X)","(X)","41,373","±6,444","(X)","(X)","(X)","(X)","92,471","±9,739","(X)","(X)","(X)","(X)","24,250","±4,261","(X)","(X)","(X)","(X)","16,000","±3,833","(X)","(X)","(X)","(X)","27,572","±5,177","(X)","(X)","(X)","(X)","26,284","±6,409","(X)","(X)","(X)","(X)","13,268","±3,255","(X)","(X)","(X)","(X)","12,266","±4,030","(X)","(X)","(X)","(X)","162,869","±12,335","(X)","(X)","(X)","(X)","16,352","±3,795","(X)","(X)","(X)","(X)","11,906","±2,999","(X)","(X)","(X)","(X)","40,278","±6,592","(X)","(X)","(X)","(X)","27,239","±5,600","(X)","(X)","(X)","(X)","22,977","±4,276","(X)","(X)","(X)","(X)","8,005","±2,937","(X)","(X)","(X)","(X)","40,903","±5,562","(X)","(X)","(X)","(X)","24,886","±4,621","(X)","(X)","(X)","(X)","34,324","±2,998","(X)","(X)","(X)","(X)","20,290","±3,806","(X)","(X)","(X)","(X)","23,512","±4,199","(X)","(X)","(X)","(X)","11,288","±3,055","(X)","(X)","(X)","(X)","10,682","±3,133","(X)","(X)","(X)","(X)","16,570","±2,982","(X)","(X)","(X)","(X)","29,316","±6,210","(X)","(X)","(X)","(X)","129,118","±12,925","(X)","(X)","(X)","(X)","30,957","±4,568","(X)","(X)","(X)","(X)","13,241","±2,661","(X)","(X)","(X)","(X)","15,994","±3,697","(X)","(X)","(X)","(X)"
"        150 percent of poverty level","43,891","±7,179","(X)","(X)","(X)","(X)","22,324","±3,700","(X)","(X)","(X)","(X)","52,742","±7,369","(X)","(X)","(X)","(X)","19,891","±3,207","(X)","(X)","(X)","(X)","41,503","±6,358","(X)","(X)","(X)","(X)","19,540","±4,649","(X)","(X)","(X)","(X)","10,728","±2,104","(X)","(X)","(X)","(X)","38,109","±6,388","(X)","(X)","(X)","(X)","12,997","±3,177","(X)","(X)","(X)","(X)","25,681","±4,261","(X)","(X)","(X)","(X)","21,116","±3,411","(X)","(X)","(X)","(X)","82,958","±6,179","(X)","(X)","(X)","(X)","33,595","±5,378","(X)","(X)","(X)","(X)","55,513","±8,597","(X)","(X)","(X)","(X)","82,428","±9,027","(X)","(X)","(X)","(X)","18,503","±4,107","(X)","(X)","(X)","(X)","52,944","±6,427","(X)","(X)","(X)","(X)","116,914","±10,607","(X)","(X)","(X)","(X)","29,949","±4,414","(X)","(X)","(X)","(X)","20,299","±3,965","(X)","(X)","(X)","(X)","34,860","±6,196","(X)","(X)","(X)","(X)","35,925","±5,406","(X)","(X)","(X)","(X)","16,818","±3,417","(X)","(X)","(X)","(X)","18,122","±4,577","(X)","(X)","(X)","(X)","198,598","±14,476","(X)","(X)","(X)","(X)","20,822","±3,560","(X)","(X)","(X)","(X)","16,561","±3,715","(X)","(X)","(X)","(X)","45,790","±6,903","(X)","(X)","(X)","(X)","38,320","±6,967","(X)","(X)","(X)","(X)","26,869","±4,498","(X)","(X)","(X)","(X)","9,197","±3,071","(X)","(X)","(X)","(X)","47,087","±5,808","(X)","(X)","(X)","(X)","32,809","±5,048","(X)","(X)","(X)","(X)","41,133","±3,342","(X)","(X)","(X)","(X)","26,401","±4,020","(X)","(X)","(X)","(X)","28,881","±4,449","(X)","(X)","(X)","(X)","15,685","±3,510","(X)","(X)","(X)","(X)","14,513","±3,557","(X)","(X)","(X)","(X)","20,539","±3,749","(X)","(X)","(X)","(X)","37,863","±6,478","(X)","(X)","(X)","(X)","158,062","±15,213","(X)","(X)","(X)","(X)","36,740","±4,688","(X)","(X)","(X)","(X)","17,829","±3,105","(X)","(X)","(X)","(X)","19,105","±3,747","(X)","(X)","(X)","(X)"
"        185 percent of poverty level","55,317","±6,970","(X)","(X)","(X)","(X)","28,950","±3,817","(X)","(X)","(X)","(X)","62,845","±8,454","(X)","(X)","(X)","(X)","26,755","±3,669","(X)","(X)","(X)","(X)","55,047","±7,141","(X)","(X)","(X)","(X)","29,181","±5,024","(X)","(X)","(X)","(X)","14,524","±2,494","(X)","(X)","(X)","(X)","47,226","±6,942","(X)","(X)","(X)","(X)","15,167","±3,217","(X)","(X)","(X)","(X)","33,404","±4,506","(X)","(X)","(X)","(X)","27,234","±3,655","(X)","(X)","(X)","(X)","107,972","±6,760","(X)","(X)","(X)","(X)","48,908","±6,778","(X)","(X)","(X)","(X)","66,442","±8,675","(X)","(X)","(X)","(X)","107,796","±9,968","(X)","(X)","(X)","(X)","21,364","±4,417","(X)","(X)","(X)","(X)","69,062","±6,970","(X)","(X)","(X)","(X)","148,742","±11,499","(X)","(X)","(X)","(X)","38,948","±4,922","(X)","(X)","(X)","(X)","26,432","±4,508","(X)","(X)","(X)","(X)","49,844","±6,462","(X)","(X)","(X)","(X)","45,235","±5,414","(X)","(X)","(X)","(X)","20,975","±4,014","(X)","(X)","(X)","(X)","25,629","±4,913","(X)","(X)","(X)","(X)","260,929","±17,094","(X)","(X)","(X)","(X)","24,735","±3,734","(X)","(X)","(X)","(X)","23,269","±4,167","(X)","(X)","(X)","(X)","58,421","±7,235","(X)","(X)","(X)","(X)","53,697","±7,873","(X)","(X)","(X)","(X)","32,644","±4,528","(X)","(X)","(X)","(X)","14,607","±4,021","(X)","(X)","(X)","(X)","58,985","±5,172","(X)","(X)","(X)","(X)","43,381","±5,962","(X)","(X)","(X)","(X)","53,730","±3,856","(X)","(X)","(X)","(X)","32,434","±4,018","(X)","(X)","(X)","(X)","41,756","±5,661","(X)","(X)","(X)","(X)","23,933","±3,576","(X)","(X)","(X)","(X)","19,251","±3,727","(X)","(X)","(X)","(X)","25,051","±3,818","(X)","(X)","(X)","(X)","47,637","±7,385","(X)","(X)","(X)","(X)","199,503","±16,119","(X)","(X)","(X)","(X)","42,277","±4,829","(X)","(X)","(X)","(X)","22,796","±3,891","(X)","(X)","(X)","(X)","21,701","±3,852","(X)","(X)","(X)","(X)"
"        200 percent of poverty level","61,169","±6,688","(X)","(X)","(X)","(X)","33,199","±3,976","(X)","(X)","(X)","(X)","69,758","±7,950","(X)","(X)","(X)","(X)","29,171","±3,791","(X)","(X)","(X)","(X)","60,019","±7,210","(X)","(X)","(X)","(X)","31,513","±5,148","(X)","(X)","(X)","(X)","16,799","±2,904","(X)","(X)","(X)","(X)","53,826","±6,486","(X)","(X)","(X)","(X)","16,148","±3,379","(X)","(X)","(X)","(X)","36,145","±4,478","(X)","(X)","(X)","(X)","30,684","±4,007","(X)","(X)","(X)","(X)","119,140","±6,737","(X)","(X)","(X)","(X)","56,609","±6,381","(X)","(X)","(X)","(X)","76,273","±8,592","(X)","(X)","(X)","(X)","123,154","±10,325","(X)","(X)","(X)","(X)","22,875","±4,538","(X)","(X)","(X)","(X)","77,844","±6,967","(X)","(X)","(X)","(X)","173,292","±11,531","(X)","(X)","(X)","(X)","42,899","±5,168","(X)","(X)","(X)","(X)","30,102","±4,607","(X)","(X)","(X)","(X)","56,920","±6,474","(X)","(X)","(X)","(X)","49,589","±5,626","(X)","(X)","(X)","(X)","21,403","±3,993","(X)","(X)","(X)","(X)","26,392","±4,930","(X)","(X)","(X)","(X)","288,446","±16,789","(X)","(X)","(X)","(X)","26,697","±3,808","(X)","(X)","(X)","(X)","27,597","±4,607","(X)","(X)","(X)","(X)","66,830","±8,119","(X)","(X)","(X)","(X)","61,296","±7,606","(X)","(X)","(X)","(X)","36,258","±4,683","(X)","(X)","(X)","(X)","15,370","±3,869","(X)","(X)","(X)","(X)","66,550","±5,423","(X)","(X)","(X)","(X)","47,740","±6,092","(X)","(X)","(X)","(X)","59,784","±3,813","(X)","(X)","(X)","(X)","37,461","±4,227","(X)","(X)","(X)","(X)","47,987","±6,527","(X)","(X)","(X)","(X)","25,852","±3,807","(X)","(X)","(X)","(X)","22,104","±3,902","(X)","(X)","(X)","(X)","27,973","±3,484","(X)","(X)","(X)","(X)","56,745","±7,976","(X)","(X)","(X)","(X)","225,601","±17,019","(X)","(X)","(X)","(X)","47,705","±5,117","(X)","(X)","(X)","(X)","25,758","±4,054","(X)","(X)","(X)","(X)","25,184","±4,027","(X)","(X)","(X)","(X)"
"        300 percent of poverty level","90,579","±6,608","(X)","(X)","(X)","(X)","60,895","±5,334","(X)","(X)","(X)","(X)","120,568","±8,862","(X)","(X)","(X)","(X)","45,961","±3,701","(X)","(X)","(X)","(X)","96,446","±8,636","(X)","(X)","(X)","(X)","46,798","±4,414","(X)","(X)","(X)","(X)","27,396","±3,267","(X)","(X)","(X)","(X)","77,428","±6,373","(X)","(X)","(X)","(X)","26,294","±3,520","(X)","(X)","(X)","(X)","55,436","±4,960","(X)","(X)","(X)","(X)","48,833","±4,095","(X)","(X)","(X)","(X)","176,015","±6,578","(X)","(X)","(X)","(X)","91,514","±6,175","(X)","(X)","(X)","(X)","129,798","±9,641","(X)","(X)","(X)","(X)","190,957","±10,370","(X)","(X)","(X)","(X)","37,077","±4,554","(X)","(X)","(X)","(X)","122,519","±6,360","(X)","(X)","(X)","(X)","256,620","±12,159","(X)","(X)","(X)","(X)","76,785","±5,892","(X)","(X)","(X)","(X)","53,371","±5,417","(X)","(X)","(X)","(X)","88,328","±7,426","(X)","(X)","(X)","(X)","93,219","±7,602","(X)","(X)","(X)","(X)","33,320","±3,633","(X)","(X)","(X)","(X)","40,285","±5,222","(X)","(X)","(X)","(X)","462,012","±17,553","(X)","(X)","(X)","(X)","43,050","±4,339","(X)","(X)","(X)","(X)","46,765","±4,416","(X)","(X)","(X)","(X)","99,714","±7,995","(X)","(X)","(X)","(X)","102,595","±7,860","(X)","(X)","(X)","(X)","54,097","±4,141","(X)","(X)","(X)","(X)","26,203","±4,503","(X)","(X)","(X)","(X)","97,981","±6,349","(X)","(X)","(X)","(X)","81,307","±5,698","(X)","(X)","(X)","(X)","79,778","±3,367","(X)","(X)","(X)","(X)","51,858","±4,555","(X)","(X)","(X)","(X)","79,310","±5,975","(X)","(X)","(X)","(X)","36,224","±3,944","(X)","(X)","(X)","(X)","33,633","±3,808","(X)","(X)","(X)","(X)","42,904","±3,017","(X)","(X)","(X)","(X)","89,313","±8,094","(X)","(X)","(X)","(X)","357,350","±18,277","(X)","(X)","(X)","(X)","73,463","±4,878","(X)","(X)","(X)","(X)","40,789","±3,901","(X)","(X)","(X)","(X)","37,729","±3,540","(X)","(X)","(X)","(X)"
"        400 percent of poverty level","115,308","±6,236","(X)","(X)","(X)","(X)","91,634","±5,771","(X)","(X)","(X)","(X)","158,906","±8,159","(X)","(X)","(X)","(X)","59,537","±3,036","(X)","(X)","(X)","(X)","138,973","±8,289","(X)","(X)","(X)","(X)","56,029","±3,851","(X)","(X)","(X)","(X)","38,538","±3,066","(X)","(X)","(X)","(X)","103,031","±5,704","(X)","(X)","(X)","(X)","35,611","±3,818","(X)","(X)","(X)","(X)","71,430","±4,702","(X)","(X)","(X)","(X)","62,486","±3,877","(X)","(X)","(X)","(X)","225,437","±6,402","(X)","(X)","(X)","(X)","119,935","±5,971","(X)","(X)","(X)","(X)","169,775","±9,573","(X)","(X)","(X)","(X)","245,936","±8,478","(X)","(X)","(X)","(X)","45,646","±4,347","(X)","(X)","(X)","(X)","154,796","±5,391","(X)","(X)","(X)","(X)","344,186","±12,341","(X)","(X)","(X)","(X)","97,190","±5,421","(X)","(X)","(X)","(X)","73,610","±5,246","(X)","(X)","(X)","(X)","110,001","±7,019","(X)","(X)","(X)","(X)","129,766","±8,409","(X)","(X)","(X)","(X)","45,163","±3,232","(X)","(X)","(X)","(X)","53,064","±5,322","(X)","(X)","(X)","(X)","608,672","±16,849","(X)","(X)","(X)","(X)","57,733","±4,070","(X)","(X)","(X)","(X)","64,139","±4,002","(X)","(X)","(X)","(X)","130,477","±7,722","(X)","(X)","(X)","(X)","136,293","±6,568","(X)","(X)","(X)","(X)","68,051","±4,142","(X)","(X)","(X)","(X)","35,754","±4,584","(X)","(X)","(X)","(X)","125,323","±6,063","(X)","(X)","(X)","(X)","105,724","±5,565","(X)","(X)","(X)","(X)","96,284","±2,248","(X)","(X)","(X)","(X)","64,735","±4,306","(X)","(X)","(X)","(X)","108,134","±5,440","(X)","(X)","(X)","(X)","46,532","±3,365","(X)","(X)","(X)","(X)","43,669","±3,460","(X)","(X)","(X)","(X)","51,659","±2,912","(X)","(X)","(X)","(X)","126,904","±8,017","(X)","(X)","(X)","(X)","513,147","±19,772","(X)","(X)","(X)","(X)","88,943","±3,774","(X)","(X)","(X)","(X)","50,606","±2,568","(X)","(X)","(X)","(X)","53,486","±2,968","(X)","(X)","(X)","(X)"
"        500 percent of poverty level","135,757","±5,397","(X)","(X)","(X)","(X)","114,281","±5,779","(X)","(X)","(X)","(X)","184,989","±7,216","(X)","(X)","(X)","(X)","68,203","±2,901","(X)","(X)","(X)","(X)","164,067","±7,492","(X)","(X)","(X)","(X)","64,242","±3,471","(X)","(X)","(X)","(X)","45,675","±2,554","(X)","(X)","(X)","(X)","124,275","±4,990","(X)","(X)","(X)","(X)","46,980","±4,131","(X)","(X)","(X)","(X)","84,059","±3,547","(X)","(X)","(X)","(X)","77,510","±3,218","(X)","(X)","(X)","(X)","261,716","±5,599","(X)","(X)","(X)","(X)","137,575","±4,558","(X)","(X)","(X)","(X)","204,247","±9,025","(X)","(X)","(X)","(X)","282,258","±7,922","(X)","(X)","(X)","(X)","58,363","±3,170","(X)","(X)","(X)","(X)","178,172","±5,046","(X)","(X)","(X)","(X)","395,995","±10,160","(X)","(X)","(X)","(X)","113,791","±4,205","(X)","(X)","(X)","(X)","89,297","±3,903","(X)","(X)","(X)","(X)","136,919","±6,229","(X)","(X)","(X)","(X)","165,299","±7,510","(X)","(X)","(X)","(X)","53,963","±2,699","(X)","(X)","(X)","(X)","66,897","±4,187","(X)","(X)","(X)","(X)","732,731","±15,509","(X)","(X)","(X)","(X)","73,717","±3,532","(X)","(X)","(X)","(X)","74,671","±3,424","(X)","(X)","(X)","(X)","156,381","±6,912","(X)","(X)","(X)","(X)","154,358","±5,095","(X)","(X)","(X)","(X)","85,787","±4,232","(X)","(X)","(X)","(X)","45,319","±3,755","(X)","(X)","(X)","(X)","141,587","±4,747","(X)","(X)","(X)","(X)","118,554","±5,085","(X)","(X)","(X)","(X)","103,361","±1,902","(X)","(X)","(X)","(X)","74,171","±3,931","(X)","(X)","(X)","(X)","119,430","±5,288","(X)","(X)","(X)","(X)","52,016","±3,011","(X)","(X)","(X)","(X)","52,720","±2,908","(X)","(X)","(X)","(X)","58,213","±2,258","(X)","(X)","(X)","(X)","156,189","±7,718","(X)","(X)","(X)","(X)","640,537","±17,020","(X)","(X)","(X)","(X)","99,490","±3,114","(X)","(X)","(X)","(X)","56,629","±2,261","(X)","(X)","(X)","(X)","63,469","±2,661","(X)","(X)","(X)","(X)"
"UNRELATED INDIVIDUALS FOR WHOM POVERTY STATUS IS DETERMINED","35,021","±3,490","10,601","±2,467","30.3%","±5.4","31,476","±3,354","6,035","±1,383","19.2%","±3.9","64,591","±5,456","15,065","±2,601","23.3%","±3.4","17,385","±2,000","4,006","±1,153","23.0%","±6.1","34,497","±4,087","6,705","±1,514","19.4%","±4.4","16,294","±2,236","4,322","±1,638","26.5%","±9.0","15,375","±2,205","3,382","±941","22.0%","±5.5","28,966","±3,713","6,174","±1,827","21.3%","±5.5","14,413","±1,998","2,815","±1,150","19.5%","±7.3","19,191","±2,964","5,945","±1,662","31.0%","±6.3","23,576","±2,533","6,711","±2,130","28.5%","±8.4","62,014","±3,725","15,987","±1,915","25.8%","±2.4","37,748","±3,289","6,131","±1,552","16.2%","±3.8","90,708","±5,108","17,178","±2,548","18.9%","±2.7","86,209","±5,042","19,542","±2,582","22.7%","±2.6","13,928","±2,333","4,386","±1,284","31.5%","±7.8","44,343","±3,506","11,250","±1,923","25.4%","±3.9","120,484","±6,235","28,170","±4,472","23.4%","±3.2","23,083","±2,963","6,557","±1,681","28.4%","±6.1","22,214","±2,319","3,891","±1,039","17.5%","±4.7","34,100","±3,667","7,305","±2,040","21.4%","±5.0","35,104","±3,660","5,409","±1,349","15.4%","±3.7","12,183","±2,337","3,760","±1,352","30.9%","±9.0","14,161","±2,631","3,322","±1,475","23.5%","±8.2","287,231","±10,751","52,217","±4,717","18.2%","±1.6","18,002","±2,213","3,915","±1,108","21.7%","±6.1","18,545","±2,463","4,434","±1,048","23.9%","±5.5","68,594","±4,285","15,248","±2,379","22.2%","±3.1","32,238","±3,343","7,866","±2,004","24.4%","±5.2","41,531","±3,561","13,235","±2,160","31.9%","±4.7","9,799","±1,497","1,926","±844","19.7%","±8.9","49,798","±4,146","18,412","±3,052","37.0%","±5.0","25,044","±3,116","6,088","±1,652","24.3%","±5.5","19,914","±1,691","8,728","±1,055","43.8%","±3.4","19,506","±2,449","5,702","±1,575","29.2%","±6.4","28,047","±3,188","8,647","±2,303","30.8%","±6.5","12,919","±2,037","2,955","±902","22.9%","±6.4","11,493","±1,397","2,694","±916","23.4%","±7.0","12,344","±1,668","3,744","±878","30.3%","±7.2","26,579","±3,703","6,830","±1,791","25.7%","±6.6","244,634","±8,940","45,893","±5,303","18.8%","±2.0","22,270","±2,871","6,054","±1,759","27.2%","±6.8","10,466","±1,521","4,247","±1,146","40.6%","±9.3","14,454","±2,123","3,312","±1,069","22.9%","±6.4"
"    Male","17,098","±2,580","5,031","±2,035","29.4%","±9.1","13,065","±1,957","2,795","±1,006","21.4%","±6.5","29,968","±3,521","6,595","±2,084","22.0%","±5.9","8,103","±1,378","2,053","±942","25.3%","±10.0","15,447","±2,304","2,331","±968","15.1%","±6.2","8,186","±1,631","1,488","±1,047","18.2%","±12.0","7,718","±1,339","1,450","±638","18.8%","±7.6","13,551","±2,274","3,044","±1,259","22.5%","±8.6","6,434","±1,483","728","±547","11.3%","±7.9","8,508","±1,673","2,941","±1,018","34.6%","±8.9","10,284","±1,549","2,739","±1,009","26.6%","±8.9","30,693","±2,144","6,469","±978","21.1%","±2.9","18,668","±2,476","3,513","±1,296","18.8%","±6.3","41,194","±2,821","8,604","±1,674","20.9%","±3.9","37,927","±3,505","6,675","±1,790","17.6%","±4.3","6,953","±1,599","2,302","±936","33.1%","±11.9","21,242","±2,146","4,319","±1,018","20.3%","±4.6","58,209","±5,652","14,233","±3,651","24.5%","±4.9","10,418","±1,798","3,429","±1,243","32.9%","±9.5","10,318","±1,597","1,462","±751","14.2%","±7.1","16,274","±2,341","2,939","±1,104","18.1%","±6.2","16,635","±2,762","2,920","±1,224","17.6%","±6.6","6,375","±1,468","2,177","±926","34.1%","±12.0","7,240","±1,672","1,352","±784","18.7%","±9.5","136,611","±6,550","19,458","±2,840","14.2%","±2.1","8,691","±1,676","2,091","±862","24.1%","±8.8","8,767","±1,472","1,751","±590","20.0%","±6.7","30,869","±2,978","6,773","±1,518","21.9%","±4.4","15,411","±1,943","2,235","±1,010","14.5%","±6.5","18,861","±2,267","6,669","±1,666","35.4%","±7.7","4,102","±1,124","549","±314","13.4%","±8.7","23,771","±2,269","7,107","±1,782","29.9%","±6.8","10,747","±1,913","2,096","±921","19.5%","±7.6","9,347","±973","3,615","±724","38.7%","±5.8","8,831","±1,543","1,982","±858","22.4%","±8.3","13,309","±2,082","4,400","±1,538","33.1%","±8.7","6,603","±1,195","1,521","±594","23.0%","±9.1","5,390","±887","879","±538","16.3%","±9.4","5,606","±1,082","1,592","±686","28.4%","±11.2","13,100","±2,330","2,856","±1,284","21.8%","±9.4","117,606","±5,610","19,933","±3,396","16.9%","±2.7","10,841","±1,757","2,858","±1,254","26.4%","±10.4","4,733","±1,049","1,939","±771","41.0%","±13.4","6,254","±1,147","1,575","±575","25.2%","±9.0"
"    Female","17,923","±1,930","5,570","±1,196","31.1%","±6.0","18,411","±2,403","3,240","±961","17.6%","±4.7","34,623","±3,208","8,470","±1,686","24.5%","±4.5","9,282","±1,303","1,953","±622","21.0%","±6.8","19,050","±2,978","4,374","±1,093","23.0%","±5.8","8,108","±1,492","2,834","±1,030","35.0%","±10.3","7,657","±1,206","1,932","±696","25.2%","±8.2","15,415","±2,274","3,130","±1,198","20.3%","±7.1","7,979","±1,263","2,087","±966","26.2%","±10.7","10,683","±1,865","3,004","±1,165","28.1%","±9.4","13,292","±1,564","3,972","±1,477","29.9%","±11.0","31,321","±2,353","9,518","±1,613","30.4%","±4.3","19,080","±1,864","2,618","±815","13.7%","±4.2","49,514","±3,884","8,574","±1,957","17.3%","±3.8","48,282","±3,668","12,867","±2,275","26.6%","±4.3","6,975","±1,379","2,084","±874","29.9%","±10.7","23,101","±2,341","6,931","±1,479","30.0%","±5.6","62,275","±3,955","13,937","±2,350","22.4%","±3.5","12,665","±2,038","3,128","±811","24.7%","±5.9","11,896","±1,731","2,429","±806","20.4%","±6.0","17,826","±2,299","4,366","±1,579","24.5%","±7.5","18,469","±2,016","2,489","±767","13.5%","±3.9","5,808","±1,351","1,583","±889","27.3%","±12.2","6,921","±1,499","1,970","±869","28.5%","±10.3","150,620","±7,040","32,759","±3,714","21.7%","±2.1","9,311","±1,334","1,824","±720","19.6%","±7.6","9,778","±1,820","2,683","±881","27.4%","±9.1","37,725","±2,646","8,475","±1,927","22.5%","±4.7","16,827","±2,386","5,631","±1,806","33.5%","±8.8","22,670","±2,345","6,566","±1,614","29.0%","±6.8","5,697","±1,124","1,377","±753","24.2%","±12.6","26,027","±2,784","11,305","±2,288","43.4%","±7.1","14,297","±1,824","3,992","±1,357","27.9%","±8.5","10,567","±1,120","5,113","±818","48.4%","±5.5","10,675","±1,582","3,720","±1,177","34.8%","±8.8","14,738","±2,103","4,247","±1,385","28.8%","±8.4","6,316","±1,194","1,434","±667","22.7%","±9.0","6,103","±1,045","1,815","±801","29.7%","±11.5","6,738","±1,343","2,152","±703","31.9%","±8.8","13,479","±2,100","3,974","±1,237","29.5%","±8.1","127,028","±6,556","25,960","±3,997","20.4%","±3.0","11,429","±1,848","3,196","±1,047","28.0%","±8.6","5,733","±1,116","2,308","±687","40.3%","±11.2","8,200","±1,749","1,737","±815","21.2%","±8.9"
"    15 years","0","±226","0","±226","-","**","0","±226","0","±226","-","**","0","±226","0","±226","-","**","79","±83","79","±83","100.0%","±85.3","0","±226","0","±226","-","**","0","±226","0","±226","-","**","10","±2","10","±2","100.0%","±100.0","13","±22","13","±22","100.0%","±100.0","0","±226","0","±226","-","**","421","±572","421","±572","100.0%","±36.9","0","±226","0","±226","-","**","242","±159","242","±159","100.0%","±48.7","0","±226","0","±226","-","**","0","±226","0","±226","-","**","0","±226","0","±226","-","**","0","±226","0","±226","-","**","0","±226","0","±226","-","**","0","±226","0","±226","-","**","0","±226","0","±226","-","**","0","±226","0","±226","-","**","0","±226","0","±226","-","**","8","±2","8","±2","100.0%","±100.0","0","±226","0","±226","-","**","265","±414","265","±414","100.0%","±46.6","260","±362","260","±362","100.0%","±47.0","39","±66","39","±66","100.0%","±100.0","109","±188","109","±188","100.0%","±72.6","84","±11","84","±11","100.0%","±82.7","45","±8","45","±8","100.0%","±100.0","148","±234","148","±234","100.0%","±62.3","0","±226","0","±226","-","**","175","±227","175","±227","100.0%","±57.3","0","±226","0","±226","-","**","46","±56","46","±56","100.0%","±100.0","246","±457","246","±457","100.0%","±48.3","77","±134","77","±134","100.0%","±86.4","0","±226","0","±226","-","**","0","±226","0","±226","-","**","0","±226","0","±226","-","**","0","±226","0","±226","-","**","22","±7","22","±7","100.0%","±100.0","0","±226","0","±226","-","**","0","±226","0","±226","-","**","70","±122","70","±122","100.0%","±90.6"
"    16 to 17 years","185","±231","185","±231","100.0%","±55.8","0","±226","0","±226","-","**","0","±226","0","±226","-","**","0","±226","0","±226","-","**","0","±226","0","±226","-","**","0","±226","0","±226","-","**","0","±226","0","±226","-","**","0","±226","0","±226","-","**","0","±226","0","±226","-","**","167","±189","167","±189","100.0%","±58.7","0","±226","0","±226","-","**","182","±215","182","±215","100.0%","±56.2","75","±141","75","±141","100.0%","±87.6","0","±226","0","±226","-","**","89","±160","0","±226","0.0%","±80.4","0","±226","0","±226","-","**","0","±226","0","±226","-","**","249","±313","249","±313","100.0%","±48.1","0","±226","0","±226","-","**","0","±226","0","±226","-","**","131","±178","131","±178","100.0%","±66.3","75","±98","75","±98","100.0%","±87.6","0","±226","0","±226","-","**","0","±226","0","±226","-","**","491","±391","366","±328","74.5%","±36.3","129","±154","129","±154","100.0%","±66.8","0","±226","0","±226","-","**","388","±552","0","±226","0.0%","±38.5","0","±226","0","±226","-","**","220","±231","220","±231","100.0%","±51.1","0","±226","0","±226","-","**","90","±139","26","±45","28.9%","±58.5","0","±226","0","±226","-","**","145","±136","145","±136","100.0%","±63.0","0","±226","0","±226","-","**","76","±129","76","±129","100.0%","±87.0","158","±261","158","±261","100.0%","±60.3","41","±59","41","±59","100.0%","±100.0","0","±226","0","±226","-","**","153","±204","153","±204","100.0%","±61.3","582","±462","582","±462","100.0%","±29.7","0","±226","0","±226","-","**","154","±186","80","±161","51.9%","±51.9","40","±83","40","±83","100.0%","±100.0"
"    18 to 24 years","5,342","±1,862","3,235","±1,659","60.6%","±17.8","2,439","±823","454","±306","18.6%","±14.3","4,777","±1,941","2,656","±1,569","55.6%","±22.2","309","±209","125","±142","40.5%","±33.0","5,406","±1,383","599","±503","11.1%","±9.5","942","±606","178","±275","18.9%","±27.5","1,227","±843","353","±350","28.8%","±35.2","2,462","±1,306","601","±583","24.4%","±22.1","523","±516","292","±434","55.8%","±55.8","1,630","±897","462","±467","28.3%","±24.9","4,045","±1,832","2,655","±1,749","65.6%","±23.9","5,392","±1,236","1,878","±691","34.8%","±8.8","2,426","±1,183","933","±953","38.5%","±30.4","11,476","±2,312","5,025","±1,447","43.8%","±11.5","9,836","±2,051","3,644","±1,124","37.0%","±11.6","1,116","±657","435","±386","39.0%","±27.1","3,163","±1,125","691","±520","21.8%","±14.5","14,798","±2,966","7,238","±2,505","48.9%","±11.8","2,770","±834","1,069","±759","38.6%","±23.4","1,041","±669","442","±478","42.5%","±36.3","4,805","±1,372","1,158","±815","24.1%","±13.9","2,100","±1,160","335","±389","16.0%","±18.2","1,550","±853","752","±641","48.5%","±28.4","841","±586","689","±566","81.9%","±22.8","36,045","±3,491","13,104","±2,824","36.4%","±5.9","1,197","±839","525","±549","43.9%","±35.8","205","±194","9","±3","4.4%","±6.0","13,538","±2,156","7,273","±1,719","53.7%","±8.8","5,385","±1,558","1,338","±630","24.8%","±11.3","12,961","±1,757","7,663","±1,932","59.1%","±10.7","847","±811","54","±98","6.4%","±15.9","18,257","±2,379","9,726","±1,952","53.3%","±9.8","2,129","±1,048","594","±581","27.9%","±26.4","1,779","±559","1,149","±497","64.6%","±17.0","1,897","±859","695","±555","36.6%","±25.6","2,492","±1,178","526","±432","21.1%","±18.0","606","±453","272","±337","44.9%","±39.0","1,130","±523","493","±431","43.6%","±31.6","1,085","±722","382","±321","35.2%","±27.7","1,469","±943","372","±358","25.3%","±23.3","35,427","±3,438","13,232","±2,703","37.4%","±6.3","3,224","±1,344","863","±738","26.8%","±17.7","773","±561","157","±222","20.3%","±24.4","1,709","±949","555","±538","32.5%","±25.8"
"    25 to 34 years","5,282","±1,549","1,789","±909","33.9%","±12.3","3,637","±1,203","803","±647","22.1%","±15.5","18,248","±2,879","2,433","±1,449","13.3%","±7.2","3,116","±875","658","±403","21.1%","±12.9","5,896","±1,523","1,549","±846","26.3%","±11.4","1,821","±920","650","±599","35.7%","±29.4","968","±482","74","±8","7.6%","±4.0","4,543","±2,121","797","±621","17.5%","±14.1","2,091","±797","193","±252","9.2%","±12.4","3,861","±1,396","1,585","±1,131","41.1%","±22.1","4,590","±1,459","440","±403","9.6%","±8.9","13,330","±1,560","2,627","±766","19.7%","±5.1","7,428","±2,020","435","±424","5.9%","±5.7","27,977","±2,403","3,612","±976","12.9%","±3.3","19,512","±2,843","2,749","±1,218","14.1%","±5.5","2,626","±915","976","±547","37.2%","±16.2","9,561","±1,591","2,972","±1,136","31.1%","±9.9","27,010","±3,760","6,225","±2,369","23.0%","±7.3","4,608","±1,003","1,249","±649","27.1%","±13.2","3,271","±1,382","196","±170","6.0%","±5.3","8,147","±2,249","1,616","±1,041","19.8%","±10.2","6,099","±1,786","353","±336","5.8%","±5.7","1,554","±849","274","±310","17.6%","±19.0","2,705","±1,106","91","±139","3.4%","±5.3","93,993","±5,782","10,990","±2,332","11.7%","±2.4","2,181","±754","482","±366","22.1%","±16.5","4,243","±1,912","856","±857","20.2%","±19.3","14,856","±2,047","1,655","±730","11.1%","±4.8","8,702","±1,795","1,873","±980","21.5%","±10.5","8,161","±1,368","1,926","±829","23.6%","±9.8","538","±316","186","±190","34.6%","±32.3","8,093","±1,667","2,312","±1,105","28.6%","±12.1","3,059","±1,272","806","±416","26.3%","±14.9","2,621","±602","830","±334","31.7%","±11.8","1,295","±853","314","±420","24.2%","±28.5","4,276","±1,349","1,098","±730","25.7%","±15.5","2,082","±853","279","±264","13.4%","±12.2","1,484","±607","284","±338","19.1%","±21.3","1,197","±569","85","±13","7.1%","±3.7","5,195","±1,801","1,400","±1,054","26.9%","±16.9","70,880","±5,347","9,255","±2,581","13.1%","±3.4","3,405","±1,136","739","±373","21.7%","±10.9","1,328","±586","528","±345","39.8%","±26.0","2,320","±847","526","±470","22.7%","±18.8"
"    35 to 44 years","3,774","±1,035","210","±187","5.6%","±4.7","1,345","±773","243","±252","18.1%","±15.4","9,715","±2,607","2,847","±1,381","29.3%","±11.0","1,900","±801","564","±468","29.7%","±20.3","4,609","±1,460","718","±512","15.6%","±11.2","1,959","±1,025","778","±647","39.7%","±28.3","1,318","±532","292","±185","22.2%","±14.8","2,341","±1,011","624","±507","26.7%","±19.4","1,432","±664","278","±346","19.4%","±21.0","2,333","±955","279","±216","12.0%","±9.7","1,883","±761","539","±390","28.6%","±17.1","8,788","±1,284","1,653","±634","18.8%","±6.7","3,012","±1,174","349","±416","11.6%","±14.2","13,429","±2,354","967","±542","7.2%","±4.1","8,546","±2,071","2,610","±1,376","30.5%","±11.5","1,305","±588","569","±470","43.6%","±31.6","5,400","±1,426","1,941","±916","35.9%","±12.7","13,652","±2,389","2,303","±905","16.9%","±6.4","3,613","±1,057","732","±497","20.3%","±12.8","2,947","±1,042","625","±638","21.2%","±20.1","2,818","±1,177","843","±538","29.9%","±18.0","5,272","±1,655","862","±655","16.4%","±12.1","1,237","±755","396","±514","32.0%","±34.1","2,493","±886","539","±411","21.6%","±14.9","44,744","±4,347","6,251","±1,418","14.0%","±3.0","2,439","±884","644","±659","26.4%","±25.0","1,137","±596","371","±253","32.6%","±20.9","8,940","±1,845","1,370","±1,129","15.3%","±12.0","4,562","±1,451","1,257","±1,106","27.6%","±19.7","2,486","±788","460","±410","18.5%","±15.4","781","±586","209","±329","26.8%","±47.0","3,942","±1,264","610","±493","15.5%","±13.2","3,325","±1,093","997","±773","30.0%","±19.3","2,860","±534","1,077","±387","37.7%","±11.3","2,219","±871","821","±573","37.0%","±21.2","2,796","±1,151","1,547","±975","55.3%","±20.6","1,633","±809","447","±265","27.4%","±19.0","1,050","±527","296","±378","28.2%","±27.9","795","±458","320","±260","40.3%","±27.0","3,098","±1,457","777","±609","25.1%","±18.9","32,072","±3,763","4,626","±1,710","14.4%","±4.9","3,104","±1,123","755","±476","24.3%","±13.8","913","±533","583","±500","63.9%","±26.1","1,511","±535","188","±190","12.4%","±11.3"
"    45 to 54 years","3,901","±1,362","1,021","±978","26.2%","±20.8","2,605","±1,078","638","±534","24.5%","±18.5","7,352","±1,794","1,384","±705","18.8%","±8.3","1,768","±738","440","±335","24.9%","±17.5","4,216","±1,209","1,595","±787","37.8%","±16.1","1,775","±786","143","±142","8.1%","±9.2","2,032","±811","996","±575","49.0%","±18.2","5,279","±1,256","899","±685","17.0%","±12.2","2,111","±1,265","192","±311","9.1%","±14.9","2,603","±1,046","871","±599","33.5%","±20.8","3,396","±1,021","838","±422","24.7%","±11.5","8,005","±1,375","2,062","±981","25.8%","±10.4","4,107","±1,258","910","±568","22.2%","±12.3","9,367","±1,801","1,912","±933","20.4%","±9.1","8,869","±2,389","1,710","±978","19.3%","±8.5","1,902","±820","606","±445","31.9%","±19.7","5,904","±1,249","897","±489","15.2%","±7.3","15,506","±2,224","1,617","±581","10.4%","±3.8","2,931","±1,183","672","±435","22.9%","±13.5","2,034","±915","387","±251","19.0%","±12.7","3,627","±1,246","635","±488","17.5%","±12.7","6,025","±1,799","1,175","±793","19.5%","±10.7","2,507","±1,092","1,169","±876","46.6%","±21.9","1,081","±654","95","±168","8.8%","±14.5","32,737","±3,863","6,205","±1,481","19.0%","±4.1","2,154","±981","433","±487","20.1%","±20.5","2,732","±1,205","584","±377","21.4%","±14.3","6,981","±1,761","712","±360","10.2%","±5.0","3,695","±1,158","526","±381","14.2%","±10.0","3,368","±965","448","±190","13.3%","±7.2","1,628","±861","6","±13","0.4%","±0.9","3,395","±1,012","968","±599","28.5%","±13.9","4,052","±1,240","346","±392","8.5%","±9.0","2,755","±589","1,258","±393","45.7%","±9.7","1,927","±1,106","817","±702","42.4%","±25.5","3,825","±1,308","1,214","±892","31.7%","±19.8","1,507","±595","491","±436","32.6%","±23.3","1,542","±809","417","±396","27.0%","±18.9","1,858","±1,059","674","±634","36.3%","±31.5","3,405","±1,149","396","±314","11.6%","±9.1","27,249","±3,460","4,881","±1,820","17.9%","±6.2","2,416","±1,040","700","±595","29.0%","±19.8","1,653","±599","807","±543","48.8%","±26.4","2,915","±1,130","521","±398","17.9%","±13.7"
"    55 to 64 years","6,206","±1,185","1,850","±595","29.8%","±8.5","5,689","±1,325","1,622","±609","28.5%","±10.6","7,725","±1,418","2,017","±851","26.1%","±10.5","3,696","±871","736","±378","19.9%","±10.2","7,023","±1,720","1,184","±643","16.9%","±9.4","3,525","±1,078","889","±678","25.2%","±16.0","3,066","±789","780","±497","25.4%","±14.2","4,967","±1,315","1,563","±784","31.5%","±12.0","1,552","±641","48","±80","3.1%","±5.4","3,234","±907","1,019","±673","31.5%","±16.3","3,027","±716","897","±429","29.6%","±12.7","9,603","±1,024","3,061","±643","31.9%","±6.2","6,830","±1,447","1,239","±612","18.1%","±7.9","10,873","±2,159","1,959","±807","18.0%","±7.4","14,598","±2,167","3,420","±975","23.4%","±6.1","2,109","±920","378","±323","17.9%","±14.0","8,703","±1,486","2,195","±713","25.2%","±7.1","18,815","±2,621","4,983","±1,432","26.5%","±6.3","3,625","±891","1,287","±579","35.5%","±15.1","2,969","±829","554","±425","18.7%","±13.3","5,620","±1,392","862","±581","15.3%","±9.9","5,298","±1,186","808","±490","15.3%","±8.1","1,707","±825","301","±191","17.6%","±13.3","2,509","±1,406","490","±474","19.5%","±20.2","36,362","±3,459","5,989","±1,208","16.5%","±3.4","2,719","±936","361","±277","13.3%","±8.9","3,557","±939","739","±363","20.8%","±8.7","7,991","±1,702","1,311","±648","16.4%","±7.0","3,030","±951","1,538","±870","50.8%","±19.2","5,515","±1,101","1,177","±608","21.3%","±9.7","2,139","±623","591","±569","27.6%","±24.1","4,860","±1,315","1,064","±625","21.9%","±12.4","3,691","±1,023","633","±423","17.1%","±11.1","3,857","±852","1,809","±486","46.9%","±9.7","4,443","±1,228","993","±547","22.3%","±10.8","4,399","±1,165","1,388","±757","31.6%","±14.3","2,078","±841","276","±237","13.3%","±10.3","2,371","±683","468","±315","19.7%","±12.7","2,503","±750","711","±360","28.4%","±12.0","5,546","±1,515","1,622","±904","29.2%","±12.6","29,657","±3,626","5,002","±1,349","16.9%","±4.5","3,419","±1,023","902","±488","26.4%","±11.6","1,948","±770","640","±384","32.9%","±16.3","1,806","±847","552","±511","30.6%","±21.3"
"    65 to 74 years","4,726","±980","969","±446","20.5%","±9.2","8,862","±1,628","1,670","±732","18.8%","±7.5","9,382","±1,699","2,140","±944","22.8%","±8.7","2,466","±738","691","±391","28.0%","±13.4","4,050","±1,057","499","±373","12.3%","±9.6","4,038","±888","1,163","±673","28.8%","±15.3","3,722","±965","604","±387","16.2%","±9.2","4,227","±1,044","623","±419","14.7%","±9.8","3,058","±904","758","±520","24.8%","±15.3","3,220","±948","564","±360","17.5%","±10.7","3,697","±1,000","989","±639","26.8%","±15.5","9,181","±1,076","2,935","±705","32.0%","±6.3","7,724","±1,447","1,422","±657","18.4%","±8.0","10,223","±1,674","2,215","±918","21.7%","±8.3","13,230","±1,941","2,072","±762","15.7%","±5.5","2,391","±884","643","±507","26.9%","±17.1","6,539","±1,374","1,567","±741","24.0%","±10.1","17,345","±2,149","3,192","±985","18.4%","±5.2","2,941","±730","774","±404","26.3%","±11.7","5,691","±1,007","926","±429","16.3%","±7.0","4,989","±1,178","1,606","±893","32.2%","±14.5","5,358","±956","826","±358","15.4%","±6.9","1,618","±544","295","±240","18.2%","±14.2","1,977","±678","200","±167","10.1%","±7.6","23,889","±2,351","4,510","±890","18.9%","±4.0","3,053","±745","699","±470","22.9%","±14.3","3,289","±906","534","±365","16.2%","±9.4","8,011","±1,436","1,733","±729","21.6%","±7.9","3,363","±930","605","±352","18.0%","±10.4","4,278","±834","521","±349","12.2%","±7.6","2,582","±732","317","±239","12.3%","±9.5","5,815","±1,181","2,198","±972","37.8%","±13.8","4,803","±1,060","1,764","±953","36.7%","±15.9","3,305","±609","1,479","±378","44.8%","±9.0","4,198","±1,024","1,125","±493","26.8%","±11.8","5,153","±1,085","1,647","±719","32.0%","±11.5","2,697","±639","504","±304","18.7%","±9.9","1,958","±583","422","±378","21.6%","±16.2","2,689","±689","890","±389","33.1%","±11.6","4,425","±1,152","1,387","±819","31.3%","±14.7","26,481","±3,107","4,868","±1,356","18.4%","±4.5","3,218","±862","1,234","±603","38.3%","±12.6","1,299","±403","554","±341","42.6%","±18.9","2,437","±790","432","±287","17.7%","±9.5"
"    75 years and over","5,605","±884","1,342","±614","23.9%","±9.8","6,899","±1,367","605","±332","8.8%","±4.4","7,392","±1,146","1,588","±530","21.5%","±6.3","4,051","±872","713","±379","17.6%","±9.4","3,297","±912","561","±246","17.0%","±8.3","2,234","±679","521","±442","23.3%","±17.3","3,032","±793","273","±164","9.0%","±5.8","5,134","±1,199","1,054","±638","20.5%","±11.4","3,646","±925","1,054","±657","28.9%","±15.2","1,722","±555","577","±327","33.5%","±15.8","2,938","±719","353","±235","12.0%","±8.1","7,291","±1,151","1,347","±628","18.5%","±8.1","6,146","±1,184","768","±433","12.5%","±7.0","7,363","±1,216","1,488","±694","20.2%","±8.5","11,529","±1,558","3,337","±1,016","28.9%","±8.0","2,479","±991","779","±504","31.4%","±21.7","5,073","±916","987","±435","19.5%","±7.1","13,109","±1,848","2,363","±875","18.0%","±6.0","2,595","±782","774","±431","29.8%","±13.8","4,261","±962","761","±449","17.9%","±10.0","3,963","±904","454","±255","11.5%","±5.7","4,869","±943","967","±378","19.9%","±8.1","2,010","±660","573","±341","28.5%","±14.1","2,290","±762","953","±512","41.6%","±16.9","18,710","±1,995","4,542","±1,019","24.3%","±5.3","4,091","±1,029","603","±306","14.7%","±7.9","3,273","±792","1,232","±622","37.6%","±16.0","7,805","±1,330","1,110","±595","14.2%","±7.6","3,456","±1,064","684","±598","19.8%","±14.5","4,394","±806","672","±508","15.3%","±10.8","1,284","±525","563","±348","43.8%","±22.0","5,171","±1,170","1,333","±495","25.8%","±9.9","3,985","±995","948","±524","23.8%","±11.6","2,546","±482","935","±297","36.7%","±10.6","3,281","±766","691","±481","21.1%","±14.1","4,953","±938","1,074","±609","21.7%","±11.6","2,158","±678","528","±286","24.5%","±13.3","1,917","±522","273","±203","14.2%","±11.1","2,217","±498","682","±324","30.8%","±12.6","3,288","±909","723","±486","22.0%","±13.6","22,264","±1,898","3,425","±1,053","15.4%","±4.5","3,484","±752","861","±546","24.7%","±15.1","2,398","±740","898","±534","37.4%","±17.5","1,646","±533","428","±261","26.0%","±12.9"
"    Mean income deficit for unrelated individuals (dollars)","9,103","±1,379","(X)","(X)","(X)","(X)","7,477","±1,336","(X)","(X)","(X)","(X)","9,436","±1,139","(X)","(X)","(X)","(X)","8,120","±1,227","(X)","(X)","(X)","(X)","10,247","±1,148","(X)","(X)","(X)","(X)","9,407","±1,476","(X)","(X)","(X)","(X)","7,973","±1,691","(X)","(X)","(X)","(X)","9,816","±1,761","(X)","(X)","(X)","(X)","6,945","±2,046","(X)","(X)","(X)","(X)","12,120","±1,355","(X)","(X)","(X)","(X)","8,086","±1,238","(X)","(X)","(X)","(X)","9,182","±708","(X)","(X)","(X)","(X)","7,046","±1,133","(X)","(X)","(X)","(X)","10,726","±646","(X)","(X)","(X)","(X)","9,061","±741","(X)","(X)","(X)","(X)","9,572","±1,739","(X)","(X)","(X)","(X)","8,410","±978","(X)","(X)","(X)","(X)","8,709","±727","(X)","(X)","(X)","(X)","9,737","±1,057","(X)","(X)","(X)","(X)","6,656","±1,488","(X)","(X)","(X)","(X)","8,352","±1,865","(X)","(X)","(X)","(X)","8,767","±1,378","(X)","(X)","(X)","(X)","9,245","±1,850","(X)","(X)","(X)","(X)","9,013","±1,709","(X)","(X)","(X)","(X)","10,403","±491","(X)","(X)","(X)","(X)","11,099","±1,448","(X)","(X)","(X)","(X)","8,983","±1,425","(X)","(X)","(X)","(X)","9,240","±890","(X)","(X)","(X)","(X)","9,047","±1,563","(X)","(X)","(X)","(X)","11,777","±987","(X)","(X)","(X)","(X)","8,765","±2,445","(X)","(X)","(X)","(X)","9,547","±758","(X)","(X)","(X)","(X)","9,565","±1,575","(X)","(X)","(X)","(X)","9,131","±687","(X)","(X)","(X)","(X)","9,585","±1,549","(X)","(X)","(X)","(X)","9,513","±1,410","(X)","(X)","(X)","(X)","9,797","±1,578","(X)","(X)","(X)","(X)","10,629","±1,649","(X)","(X)","(X)","(X)","7,840","±1,586","(X)","(X)","(X)","(X)","8,439","±1,035","(X)","(X)","(X)","(X)","10,184","±561","(X)","(X)","(X)","(X)","7,697","±901","(X)","(X)","(X)","(X)","8,815","±1,666","(X)","(X)","(X)","(X)","10,125","±1,341","(X)","(X)","(X)","(X)"
"    Worked full-time, year-round in the past 12 months","14,142","±1,931","235","±230","1.7%","±1.6","11,199","±2,517","437","±462","3.9%","±4.2","29,032","±4,194","3,440","±1,910","11.8%","±5.8","6,329","±1,397","54","±92","0.9%","±1.5","17,524","±3,180","1,225","±770","7.0%","±4.2","6,523","±1,585","151","±252","2.3%","±3.9","5,039","±1,325","601","±434","11.9%","±7.8","13,164","±2,611","168","±245","1.3%","±1.9","5,590","±1,539","0","±226","0.0%","±3.7","7,226","±1,668","99","±155","1.4%","±2.2","8,664","±1,863","183","±221","2.1%","±2.6","28,093","±2,340","1,205","±466","4.3%","±1.6","15,744","±2,739","378","±386","2.4%","±2.4","46,693","±4,722","942","±679","2.0%","±1.4","40,822","±3,909","3,111","±1,421","7.6%","±3.3","5,887","±1,389","541","±318","9.2%","±5.1","18,592","±2,127","797","±406","4.3%","±2.1","54,077","±4,123","1,956","±857","3.6%","±1.6","10,378","±2,067","220","±273","2.1%","±2.5","7,580","±1,865","182","±206","2.4%","±2.6","17,532","±2,885","1,081","±1,012","6.2%","±5.5","19,291","±3,213","508","±516","2.6%","±2.7","4,713","±1,352","236","±316","5.0%","±6.8","4,525","±1,334","0","±226","0.0%","±4.6","175,912","±9,789","4,674","±1,506","2.7%","±0.8","6,985","±1,796","136","±141","1.9%","±2.0","7,769","±2,118","308","±321","4.0%","±4.4","33,173","±3,800","1,396","±806","4.2%","±2.3","16,177","±2,465","1,202","±857","7.4%","±5.1","15,610","±2,226","479","±338","3.1%","±2.2","3,839","±1,165","96","±99","2.5%","±2.8","19,561","±3,499","1,692","±1,077","8.6%","±4.9","9,947","±1,866","15","±28","0.2%","±0.3","6,216","±817","132","±136","2.1%","±2.2","6,013","±1,348","49","±83","0.8%","±1.4","10,638","±2,043","483","±446","4.5%","±4.1","4,152","±1,361","211","±214","5.1%","±5.4","4,762","±1,047","16","±27","0.3%","±0.6","3,003","±937","65","±106","2.2%","±3.6","10,801","±2,087","685","±586","6.3%","±5.2","137,278","±7,839","4,166","±1,664","3.0%","±1.2","10,341","±2,353","823","±571","8.0%","±5.2","2,936","±1,009","0","±226","0.0%","±7.0","7,049","±1,580","42","±77","0.6%","±1.1"
"    Worked less than full-time, year-round in the past 12 months","5,901","±1,512","2,038","±892","34.5%","±12.1","5,428","±1,380","1,913","±801","35.2%","±11.2","15,914","±3,019","3,141","±1,387","19.7%","±7.5","2,774","±1,035","754","±447","27.2%","±16.5","7,146","±2,076","2,055","±843","28.8%","±11.5","2,556","±1,145","622","±607","24.3%","±23.4","3,133","±818","903","±484","28.8%","±13.0","4,392","±1,647","1,466","±894","33.4%","±16.5","2,290","±914","982","±727","42.9%","±19.5","3,205","±1,293","1,133","±614","35.4%","±15.5","6,618","±2,198","3,446","±1,888","52.1%","±18.5","11,487","±1,521","3,811","±807","33.2%","±6.4","6,271","±1,690","2,013","±1,053","32.1%","±12.3","22,844","±3,335","5,873","±1,686","25.7%","±6.9","17,290","±2,835","3,853","±1,353","22.3%","±6.8","2,051","±796","732","±494","35.7%","±18.7","9,341","±2,093","3,094","±1,127","33.1%","±9.2","30,856","±4,103","11,369","±2,868","36.8%","±6.6","4,575","±997","2,404","±1,023","52.5%","±17.6","5,919","±1,386","1,225","±623","20.7%","±9.8","5,883","±1,625","2,169","±1,195","36.9%","±14.6","4,044","±1,266","1,353","±988","33.5%","±17.9","3,132","±1,377","1,712","±1,128","54.7%","±20.2","4,296","±1,734","1,221","±823","28.4%","±14.8","55,550","±4,393","18,324","±3,066","33.0%","±4.3","2,812","±773","608","±424","21.6%","±12.8","3,654","±1,584","900","±830","24.6%","±16.9","18,939","±2,831","8,497","±2,182","44.9%","±8.4","7,449","±1,747","3,189","±1,479","42.8%","±15.4","13,293","±1,687","6,546","±1,563","49.2%","±10.5","2,020","±856","269","±335","13.3%","±17.0","14,571","±2,725","9,277","±2,494","63.7%","±9.7","4,967","±1,347","1,392","±796","28.0%","±13.0","2,858","±689","1,297","±515","45.4%","±12.6","3,554","±1,289","1,384","±857","38.9%","±18.9","3,840","±960","1,219","±741","31.7%","±17.0","2,268","±909","571","±484","25.2%","±19.1","2,007","±689","1,104","±648","55.0%","±20.5","3,846","±1,427","1,228","±686","31.9%","±18.0","6,595","±1,799","2,260","±1,094","34.3%","±14.0","48,840","±4,667","17,980","±3,214","36.8%","±4.7","3,534","±1,308","1,410","±866","39.9%","±19.1","880","±427","493","±297","56.0%","±25.3","2,182","±977","729","±434","33.4%","±17.3"
"    Did not work","14,978","±2,767","8,328","±2,516","55.6%","±8.9","14,849","±2,237","3,685","±1,003","24.8%","±5.5","19,645","±2,040","8,484","±1,716","43.2%","±6.4","8,282","±1,595","3,198","±1,066","38.6%","±9.4","9,827","±1,595","3,425","±919","34.9%","±8.3","7,215","±1,522","3,549","±1,257","49.2%","±11.1","7,203","±1,520","1,878","±753","26.1%","±8.6","11,410","±2,005","4,540","±1,401","39.8%","±8.7","6,533","±1,504","1,833","±883","28.1%","±11.8","8,760","±1,913","4,713","±1,573","53.8%","±10.1","8,294","±1,432","3,082","±968","37.2%","±9.5","22,434","±2,412","10,971","±1,806","48.9%","±4.9","15,733","±2,371","3,740","±1,134","23.8%","±6.2","21,171","±2,416","10,363","±1,951","48.9%","±6.4","28,097","±2,992","12,578","±2,232","44.8%","±5.8","5,990","±1,485","3,113","±1,012","52.0%","±14.8","16,410","±2,295","7,359","±1,659","44.8%","±6.9","35,551","±3,600","14,845","±2,559","41.8%","±5.4","8,130","±1,732","3,933","±1,121","48.4%","±8.1","8,715","±1,396","2,484","±803","28.5%","±7.7","10,685","±1,749","4,055","±1,344","38.0%","±9.6","11,769","±1,859","3,548","±943","30.1%","±6.9","4,338","±1,055","1,812","±657","41.8%","±13.3","5,340","±1,336","2,101","±837","39.3%","±11.0","55,769","±4,240","29,219","±3,390","52.4%","±4.2","8,205","±1,371","3,171","±1,070","38.6%","±11.0","7,122","±1,251","3,226","±865","45.3%","±8.6","16,482","±2,174","5,355","±1,359","32.5%","±6.7","8,612","±1,747","3,475","±1,027","40.4%","±8.5","12,628","±2,099","6,210","±1,489","49.2%","±7.7","3,940","±984","1,561","±742","39.6%","±16.2","15,666","±2,358","7,443","±1,922","47.5%","±8.9","10,130","±1,951","4,681","±1,530","46.2%","±9.7","10,840","±1,224","7,299","±909","67.3%","±4.9","9,939","±1,607","4,269","±1,163","43.0%","±9.0","13,569","±2,440","6,945","±2,202","51.2%","±10.1","6,499","±1,225","2,173","±704","33.4%","±9.1","4,724","±990","1,574","±684","33.3%","±10.7","5,495","±1,183","2,451","±711","44.6%","±8.9","9,183","±2,086","3,885","±1,287","42.3%","±10.6","58,516","±4,422","23,747","±3,369","40.6%","±4.0","8,395","±1,472","3,821","±1,180","45.5%","±10.5","6,650","±1,186","3,754","±1,112","56.5%","±10.2","5,223","±1,211","2,541","±921","48.7%","±9.7"
"    Population in housing units for whom poverty status is determined","176,540","±276","25,561","±5,270","14.5%","±3.0","165,533","±749","14,080","±2,923","8.5%","±1.8","270,480","±759","32,912","±6,305","12.2%","±2.3","85,610","±307","11,777","±2,540","13.8%","±3.0","241,905","±1,093","20,530","±4,229","8.5%","±1.7","79,370","±641","11,382","±3,730","14.3%","±4.7","68,911","±153","5,671","±1,279","8.2%","±1.9","164,012","±526","24,526","±6,788","15.0%","±4.1","83,094","±18","7,771","±2,858","9.4%","±3.4","99,625","±463","16,629","±3,869","16.7%","±3.9","99,579","±459","12,118","±3,116","12.2%","±3.1","321,494","±470","52,444","±5,971","16.3%","±1.9","175,311","±1,065","17,843","±4,364","10.2%","±2.5","329,556","±450","33,170","±6,747","10.1%","±2.0","386,047","±1,222","50,915","±7,337","13.2%","±1.9","77,963","±356","11,300","±3,036","14.5%","±3.9","237,904","±493","28,251","±5,294","11.9%","±2.2","529,951","±946","70,128","±9,875","13.2%","±1.9","142,565","±669","19,045","±3,796","13.4%","±2.7","119,225","±332","10,757","±2,694","9.0%","±2.3","204,416","±632","20,838","±4,880","10.2%","±2.4","247,443","±288","21,207","±6,103","8.6%","±2.5","67,649","±25","9,295","±2,371","13.7%","±3.5","96,601","±323","9,594","±3,752","9.9%","±3.9","1,185,265","±1,878","123,359","±9,946","10.4%","±0.8","107,296","±130","12,565","±3,373","11.7%","±3.1","96,194","±43","9,248","±2,525","9.6%","±2.6","237,047","±1,077","26,683","±5,167","11.3%","±2.2","190,929","±1,648","19,338","±4,656","10.1%","±2.4","140,581","±809","17,527","±2,827","12.5%","±2.0","68,181","±218","6,214","±2,634","9.1%","±3.9","173,369","±905","35,142","±5,533","20.3%","±3.2","146,157","±644","17,950","±4,262","12.3%","±2.9","114,511","±324","26,882","±2,657","23.5%","±2.3","91,926","±637","17,447","±3,717","19.0%","±4.0","149,132","±864","21,285","±4,080","14.3%","±2.7","64,050","±297","8,307","±2,394","13.0%","±3.7","64,796","±848","8,793","±3,132","13.6%","±4.8","70,566","±107","12,731","±2,566","18.0%","±3.6","260,305","±66","19,365","±4,733","7.4%","±1.8","1,207,579","±1,591","102,790","±11,226","8.5%","±0.9","116,468","±1,049","24,503","±4,347","21.0%","±3.7","64,997","±211","10,045","±2,361","15.5%","±3.6","78,341","±227","13,679","±3,347","17.5%","±4.3"